a-size-medium-plus	a-size-base	a-link-normal href	s-image src	puis-label-popover href	a-color-secondary	a-color-base	puis	a-link-normal href 2	a-link-normal	a-link-normal href 3	a-size-base-plus	a-popover-trigger href	a-icon-alt	a-link-normal href 4	a-size-mini	a-size-base 2	aok-offscreen	a-link-normal href 5	a-offscreen	a-price-symbol	a-price-whole	a-offscreen 2	a-size-base 3	a-offscreen 3	a-row	a-truncate-full	a-truncate-cut	a-column	a-text-bold	a-column 2	a-column 3	prime-brand-color	a-text-bold 2	a-button-text	a-link-normal href 6	a-link-normal href 7	a-link-normal href 8
Results	Check each product page for other buying options.																																				
	4.2	https://www.amazon.in/sspa/click?ie=UTF8&spc=MToxODk2MTkyMDYxOTc1NDg2OjE3NzM5NzQ0NDM6c3BfYXRmOjMwMDc3ODU5MTg3OTIzMjo6MDo6&url=%2FSamsung-Sapphire-Storage-Upgrades-Lag-Free%2Fdp%2FB0FN7WCV5Y%2Fref%3Dsr_1_1_sspa%3Fcrid%3D1T9UVX5LBL3DZ%26dib%3DeyJ2IjoiMSJ9.a3v4xrKF-RdvbkPHmKrMLU-Oaqabw3M0na681nPvHar9Rc-i7Tzx8i5EP-W81yreKFhv8fbeC0d7um_22nNit1ayZjsHIf1Lmdq0AEexOpvzvmcalzS8MJeQ2_lhXtOCdyu7C9cj5c4YHPPTZ6aKaAfXHsmjJmlPAKw7OVKRyPV2ril4eYgC6UgKX_fpR9QNkgLHVuGV0313E2h8fvhFAWf8txxw7bWPxGAhrIULJPo.znwCQe9ekggQ58Q9LbrzipTX9LL0rFcxkpOzr1Ob2DA%26dib_tag%3Dse%26keywords%3Dsmart%2Bphones%26qid%3D1773974443%26sprefix%3Dsmart%2Bphone%252Caps%252C397%26sr%3D8-1-spons%26aref%3Dy0OamXMd4t%26sp_csd%3Dd2lkZ2V0TmFtZT1zcF9hdGY%26psc%3D1&aref=y0OamXMd4t&sp_cr=ZAZ	https://m.media-amazon.com/images/I/71t5CaisTqL._AC_UY218_.jpg	javascript:void(0)	Sponsored	Sponsored	You are seeing this ad based on the product’s relevance to your search query.	https://www.amazon.in/s?k=smart+phones&crid=1T9UVX5LBL3DZ&sprefix=smart+phone%2Caps%2C397&ref=nb_sb_noss_2#	Let us know	https://www.amazon.in/sspa/click?ie=UTF8&spc=MToxODk2MTkyMDYxOTc1NDg2OjE3NzM5NzQ0NDM6c3BfYXRmOjMwMDc3ODU5MTg3OTIzMjo6MDo6&url=%2FSamsung-Sapphire-Storage-Upgrades-Lag-Free%2Fdp%2FB0FN7WCV5Y%2Fref%3Dsr_1_1_sspa%3Fcrid%3D1T9UVX5LBL3DZ%26dib%3DeyJ2IjoiMSJ9.a3v4xrKF-RdvbkPHmKrMLU-Oaqabw3M0na681nPvHar9Rc-i7Tzx8i5EP-W81yreKFhv8fbeC0d7um_22nNit1ayZjsHIf1Lmdq0AEexOpvzvmcalzS8MJeQ2_lhXtOCdyu7C9cj5c4YHPPTZ6aKaAfXHsmjJmlPAKw7OVKRyPV2ril4eYgC6UgKX_fpR9QNkgLHVuGV0313E2h8fvhFAWf8txxw7bWPxGAhrIULJPo.znwCQe9ekggQ58Q9LbrzipTX9LL0rFcxkpOzr1Ob2DA%26dib_tag%3Dse%26keywords%3Dsmart%2Bphones%26qid%3D1773974443%26sprefix%3Dsmart%2Bphone%252Caps%252C397%26sr%3D8-1-spons%26aref%3Dy0OamXMd4t%26sp_csd%3Dd2lkZ2V0TmFtZT1zcF9hdGY%26psc%3D1&aref=y0OamXMd4t&sp_cr=ZAZ	Samsung Galaxy M17 5G Mobile (Sapphire Black, 6GB RAM, 128GB Storage) | 50MP OIS Triple Camera | Gorilla Glass Victus | IP54 | 6 Gen OS Upgrades | AI | Gemini Live | Lag-Free Gaming | Without Charger	javascript:void(0)	4.2 out of 5 stars	https://www.amazon.in/sspa/click?ie=UTF8&spc=MToxODk2MTkyMDYxOTc1NDg2OjE3NzM5NzQ0NDM6c3BfYXRmOjMwMDc3ODU5MTg3OTIzMjo6MDo6&url=%2FSamsung-Sapphire-Storage-Upgrades-Lag-Free%2Fdp%2FB0FN7WCV5Y%2Fref%3Dsr_1_1_sspa%3Fcrid%3D1T9UVX5LBL3DZ%26dib%3DeyJ2IjoiMSJ9.a3v4xrKF-RdvbkPHmKrMLU-Oaqabw3M0na681nPvHar9Rc-i7Tzx8i5EP-W81yreKFhv8fbeC0d7um_22nNit1ayZjsHIf1Lmdq0AEexOpvzvmcalzS8MJeQ2_lhXtOCdyu7C9cj5c4YHPPTZ6aKaAfXHsmjJmlPAKw7OVKRyPV2ril4eYgC6UgKX_fpR9QNkgLHVuGV0313E2h8fvhFAWf8txxw7bWPxGAhrIULJPo.znwCQe9ekggQ58Q9LbrzipTX9LL0rFcxkpOzr1Ob2DA%26dib_tag%3Dse%26keywords%3Dsmart%2Bphones%26qid%3D1773974443%26sprefix%3Dsmart%2Bphone%252Caps%252C397%26sr%3D8-1-spons%26aref%3Dy0OamXMd4t%26sp_csd%3Dd2lkZ2V0TmFtZT1zcF9hdGY%26psc%3D1&aref=y0OamXMd4t&sp_cr=ZAZ#customerReviews	(1.4K)	3K+ bought in past month	Price, product page	https://www.amazon.in/sspa/click?ie=UTF8&spc=MToxODk2MTkyMDYxOTc1NDg2OjE3NzM5NzQ0NDM6c3BfYXRmOjMwMDc3ODU5MTg3OTIzMjo6MDo6&url=%2FSamsung-Sapphire-Storage-Upgrades-Lag-Free%2Fdp%2FB0FN7WCV5Y%2Fref%3Dsr_1_1_sspa%3Fcrid%3D1T9UVX5LBL3DZ%26dib%3DeyJ2IjoiMSJ9.a3v4xrKF-RdvbkPHmKrMLU-Oaqabw3M0na681nPvHar9Rc-i7Tzx8i5EP-W81yreKFhv8fbeC0d7um_22nNit1ayZjsHIf1Lmdq0AEexOpvzvmcalzS8MJeQ2_lhXtOCdyu7C9cj5c4YHPPTZ6aKaAfXHsmjJmlPAKw7OVKRyPV2ril4eYgC6UgKX_fpR9QNkgLHVuGV0313E2h8fvhFAWf8txxw7bWPxGAhrIULJPo.znwCQe9ekggQ58Q9LbrzipTX9LL0rFcxkpOzr1Ob2DA%26dib_tag%3Dse%26keywords%3Dsmart%2Bphones%26qid%3D1773974443%26sprefix%3Dsmart%2Bphone%252Caps%252C397%26sr%3D8-1-spons%26aref%3Dy0OamXMd4t%26sp_csd%3Dd2lkZ2V0TmFtZT1zcF9hdGY%26psc%3D1&aref=y0OamXMd4t&sp_cr=ZAZ	₹15,999	₹	15,999	M.R.P: ₹19,499	M.R.P:	₹19,499	(18% off)	Up to 5% back with Amazon Pay ICICI card	Up to 5% back with Amazon Pay ICICI card	FREE delivery	Mon, 23 Mar	Or  get FREE delivery	.prime-brand-color {color: #0064f9; }	Prime members	Today 12 pm - 4 pm	Add to cart	https://www.amazon.in/sspa/click?ie=UTF8&spc=MToxODk2MTkyMDYxOTc1NDg2OjE3NzM5NzQ0NDM6c3BfYXRmOjMwMDc3ODU5MTg3OTIzMjo6MDo6&url=%2FSamsung-Sapphire-Storage-Upgrades-Lag-Free%2Fdp%2FB0FN7WCV5Y%2Fref%3Dsr_1_1_sspa%3Fcrid%3D1T9UVX5LBL3DZ%26dib%3DeyJ2IjoiMSJ9.a3v4xrKF-RdvbkPHmKrMLU-Oaqabw3M0na681nPvHar9Rc-i7Tzx8i5EP-W81yreKFhv8fbeC0d7um_22nNit1ayZjsHIf1Lmdq0AEexOpvzvmcalzS8MJeQ2_lhXtOCdyu7C9cj5c4YHPPTZ6aKaAfXHsmjJmlPAKw7OVKRyPV2ril4eYgC6UgKX_fpR9QNkgLHVuGV0313E2h8fvhFAWf8txxw7bWPxGAhrIULJPo.znwCQe9ekggQ58Q9LbrzipTX9LL0rFcxkpOzr1Ob2DA%26dib_tag%3Dse%26keywords%3Dsmart%2Bphones%26qid%3D1773974443%26sprefix%3Dsmart%2Bphone%252Caps%252C397%26sr%3D8-1-spons%26aref%3Dy0OamXMd4t%26sp_csd%3Dd2lkZ2V0TmFtZT1zcF9hdGY%26psc%3D1&aref=y0OamXMd4t&sp_cr=ZAZ		
	4.3	https://www.amazon.in/sspa/click?ie=UTF8&spc=MToxODk2MTkyMDYxOTc1NDg2OjE3NzM5NzQ0NDM6c3BfYXRmOjMwMDU0MjE3MDMxODgzMjo6MDo6&url=%2FSamsung-Slimmest-Enhanced-Nightography-Processor%2Fdp%2FB0F43W6V6J%2Fref%3Dsr_1_2_sspa%3Fcrid%3D1T9UVX5LBL3DZ%26dib%3DeyJ2IjoiMSJ9.a3v4xrKF-RdvbkPHmKrMLU-Oaqabw3M0na681nPvHar9Rc-i7Tzx8i5EP-W81yreKFhv8fbeC0d7um_22nNit1ayZjsHIf1Lmdq0AEexOpvzvmcalzS8MJeQ2_lhXtOCdyu7C9cj5c4YHPPTZ6aKaAfXHsmjJmlPAKw7OVKRyPV2ril4eYgC6UgKX_fpR9QNkgLHVuGV0313E2h8fvhFAWf8txxw7bWPxGAhrIULJPo.znwCQe9ekggQ58Q9LbrzipTX9LL0rFcxkpOzr1Ob2DA%26dib_tag%3Dse%26keywords%3Dsmart%2Bphones%26qid%3D1773974443%26sprefix%3Dsmart%2Bphone%252Caps%252C397%26sr%3D8-2-spons%26aref%3DJzN9y2RFWe%26sp_csd%3Dd2lkZ2V0TmFtZT1zcF9hdGY%26psc%3D1&aref=JzN9y2RFWe&sp_cr=ZAZ	https://m.media-amazon.com/images/I/71hN1gfzDcL._AC_UY218_.jpg	javascript:void(0)	Sponsored	Sponsored	You are seeing this ad based on the product’s relevance to your search query.	https://www.amazon.in/s?k=smart+phones&crid=1T9UVX5LBL3DZ&sprefix=smart+phone%2Caps%2C397&ref=nb_sb_noss_2#	Let us know	https://www.amazon.in/sspa/click?ie=UTF8&spc=MToxODk2MTkyMDYxOTc1NDg2OjE3NzM5NzQ0NDM6c3BfYXRmOjMwMDU0MjE3MDMxODgzMjo6MDo6&url=%2FSamsung-Slimmest-Enhanced-Nightography-Processor%2Fdp%2FB0F43W6V6J%2Fref%3Dsr_1_2_sspa%3Fcrid%3D1T9UVX5LBL3DZ%26dib%3DeyJ2IjoiMSJ9.a3v4xrKF-RdvbkPHmKrMLU-Oaqabw3M0na681nPvHar9Rc-i7Tzx8i5EP-W81yreKFhv8fbeC0d7um_22nNit1ayZjsHIf1Lmdq0AEexOpvzvmcalzS8MJeQ2_lhXtOCdyu7C9cj5c4YHPPTZ6aKaAfXHsmjJmlPAKw7OVKRyPV2ril4eYgC6UgKX_fpR9QNkgLHVuGV0313E2h8fvhFAWf8txxw7bWPxGAhrIULJPo.znwCQe9ekggQ58Q9LbrzipTX9LL0rFcxkpOzr1Ob2DA%26dib_tag%3Dse%26keywords%3Dsmart%2Bphones%26qid%3D1773974443%26sprefix%3Dsmart%2Bphone%252Caps%252C397%26sr%3D8-2-spons%26aref%3DJzN9y2RFWe%26sp_csd%3Dd2lkZ2V0TmFtZT1zcF9hdGY%26psc%3D1&aref=JzN9y2RFWe&sp_cr=ZAZ	Samsung Galaxy M56 5G Mobile (Light Green,8GB RAM,256GB Storage)| Segment's Slimmest|Gorilla Glass Victus+| 10 Bit HDR Video| 50MP Camera| AI | Vapour Cooling Chamber| Lag-free Gaming| Without Charger	javascript:void(0)	4.3 out of 5 stars	https://www.amazon.in/sspa/click?ie=UTF8&spc=MToxODk2MTkyMDYxOTc1NDg2OjE3NzM5NzQ0NDM6c3BfYXRmOjMwMDU0MjE3MDMxODgzMjo6MDo6&url=%2FSamsung-Slimmest-Enhanced-Nightography-Processor%2Fdp%2FB0F43W6V6J%2Fref%3Dsr_1_2_sspa%3Fcrid%3D1T9UVX5LBL3DZ%26dib%3DeyJ2IjoiMSJ9.a3v4xrKF-RdvbkPHmKrMLU-Oaqabw3M0na681nPvHar9Rc-i7Tzx8i5EP-W81yreKFhv8fbeC0d7um_22nNit1ayZjsHIf1Lmdq0AEexOpvzvmcalzS8MJeQ2_lhXtOCdyu7C9cj5c4YHPPTZ6aKaAfXHsmjJmlPAKw7OVKRyPV2ril4eYgC6UgKX_fpR9QNkgLHVuGV0313E2h8fvhFAWf8txxw7bWPxGAhrIULJPo.znwCQe9ekggQ58Q9LbrzipTX9LL0rFcxkpOzr1Ob2DA%26dib_tag%3Dse%26keywords%3Dsmart%2Bphones%26qid%3D1773974443%26sprefix%3Dsmart%2Bphone%252Caps%252C397%26sr%3D8-2-spons%26aref%3DJzN9y2RFWe%26sp_csd%3Dd2lkZ2V0TmFtZT1zcF9hdGY%26psc%3D1&aref=JzN9y2RFWe&sp_cr=ZAZ#customerReviews	(1K)	1K+ bought in past month	Price, product page	https://www.amazon.in/sspa/click?ie=UTF8&spc=MToxODk2MTkyMDYxOTc1NDg2OjE3NzM5NzQ0NDM6c3BfYXRmOjMwMDU0MjE3MDMxODgzMjo6MDo6&url=%2FSamsung-Slimmest-Enhanced-Nightography-Processor%2Fdp%2FB0F43W6V6J%2Fref%3Dsr_1_2_sspa%3Fcrid%3D1T9UVX5LBL3DZ%26dib%3DeyJ2IjoiMSJ9.a3v4xrKF-RdvbkPHmKrMLU-Oaqabw3M0na681nPvHar9Rc-i7Tzx8i5EP-W81yreKFhv8fbeC0d7um_22nNit1ayZjsHIf1Lmdq0AEexOpvzvmcalzS8MJeQ2_lhXtOCdyu7C9cj5c4YHPPTZ6aKaAfXHsmjJmlPAKw7OVKRyPV2ril4eYgC6UgKX_fpR9QNkgLHVuGV0313E2h8fvhFAWf8txxw7bWPxGAhrIULJPo.znwCQe9ekggQ58Q9LbrzipTX9LL0rFcxkpOzr1Ob2DA%26dib_tag%3Dse%26keywords%3Dsmart%2Bphones%26qid%3D1773974443%26sprefix%3Dsmart%2Bphone%252Caps%252C397%26sr%3D8-2-spons%26aref%3DJzN9y2RFWe%26sp_csd%3Dd2lkZ2V0TmFtZT1zcF9hdGY%26psc%3D1&aref=JzN9y2RFWe&sp_cr=ZAZ	₹24,999	₹	24,999	M.R.P: ₹33,999	M.R.P:	₹33,999	(26% off)	Up to 5% back with Amazon Pay ICICI card	Up to 5% back with Amazon Pay ICICI card	FREE delivery	Mon, 23 Mar	Or  get FREE delivery	.prime-brand-color {color: #0064f9; }	Prime members	Today 12 pm - 4 pm	Add to cart	https://www.amazon.in/sspa/click?ie=UTF8&spc=MToxODk2MTkyMDYxOTc1NDg2OjE3NzM5NzQ0NDM6c3BfYXRmOjMwMDU0MjE3MDMxODgzMjo6MDo6&url=%2FSamsung-Slimmest-Enhanced-Nightography-Processor%2Fdp%2FB0F43W6V6J%2Fref%3Dsr_1_2_sspa%3Fcrid%3D1T9UVX5LBL3DZ%26dib%3DeyJ2IjoiMSJ9.a3v4xrKF-RdvbkPHmKrMLU-Oaqabw3M0na681nPvHar9Rc-i7Tzx8i5EP-W81yreKFhv8fbeC0d7um_22nNit1ayZjsHIf1Lmdq0AEexOpvzvmcalzS8MJeQ2_lhXtOCdyu7C9cj5c4YHPPTZ6aKaAfXHsmjJmlPAKw7OVKRyPV2ril4eYgC6UgKX_fpR9QNkgLHVuGV0313E2h8fvhFAWf8txxw7bWPxGAhrIULJPo.znwCQe9ekggQ58Q9LbrzipTX9LL0rFcxkpOzr1Ob2DA%26dib_tag%3Dse%26keywords%3Dsmart%2Bphones%26qid%3D1773974443%26sprefix%3Dsmart%2Bphone%252Caps%252C397%26sr%3D8-2-spons%26aref%3DJzN9y2RFWe%26sp_csd%3Dd2lkZ2V0TmFtZT1zcF9hdGY%26psc%3D1&aref=JzN9y2RFWe&sp_cr=ZAZ		
	4.2	https://www.amazon.in/Samsung-Storage-MediaTek-Charging-Upgrades/dp/B0FN7QTRPY/ref=sr_1_3?crid=1T9UVX5LBL3DZ&dib=eyJ2IjoiMSJ9.a3v4xrKF-RdvbkPHmKrMLU-Oaqabw3M0na681nPvHar9Rc-i7Tzx8i5EP-W81yreKFhv8fbeC0d7um_22nNit1ayZjsHIf1Lmdq0AEexOpvzvmcalzS8MJeQ2_lhXtOCdyu7C9cj5c4YHPPTZ6aKaAfXHsmjJmlPAKw7OVKRyPV2ril4eYgC6UgKX_fpR9QNkgLHVuGV0313E2h8fvhFAWf8txxw7bWPxGAhrIULJPo.znwCQe9ekggQ58Q9LbrzipTX9LL0rFcxkpOzr1Ob2DA&dib_tag=se&keywords=smart+phones&qid=1773974443&sprefix=smart+phone%2Caps%2C397&sr=8-3	https://m.media-amazon.com/images/I/610lbucItmL._AC_UY218_.jpg					https://www.amazon.in/Samsung-Storage-MediaTek-Charging-Upgrades/dp/B0FN7QTRPY/ref=sr_1_3?crid=1T9UVX5LBL3DZ&dib=eyJ2IjoiMSJ9.a3v4xrKF-RdvbkPHmKrMLU-Oaqabw3M0na681nPvHar9Rc-i7Tzx8i5EP-W81yreKFhv8fbeC0d7um_22nNit1ayZjsHIf1Lmdq0AEexOpvzvmcalzS8MJeQ2_lhXtOCdyu7C9cj5c4YHPPTZ6aKaAfXHsmjJmlPAKw7OVKRyPV2ril4eYgC6UgKX_fpR9QNkgLHVuGV0313E2h8fvhFAWf8txxw7bWPxGAhrIULJPo.znwCQe9ekggQ58Q9LbrzipTX9LL0rFcxkpOzr1Ob2DA&dib_tag=se&keywords=smart+phones&qid=1773974443&sprefix=smart+phone%2Caps%2C397&sr=8-3		https://www.amazon.in/Samsung-Storage-MediaTek-Charging-Upgrades/dp/B0FN7QTRPY/ref=sr_1_3?crid=1T9UVX5LBL3DZ&dib=eyJ2IjoiMSJ9.a3v4xrKF-RdvbkPHmKrMLU-Oaqabw3M0na681nPvHar9Rc-i7Tzx8i5EP-W81yreKFhv8fbeC0d7um_22nNit1ayZjsHIf1Lmdq0AEexOpvzvmcalzS8MJeQ2_lhXtOCdyu7C9cj5c4YHPPTZ6aKaAfXHsmjJmlPAKw7OVKRyPV2ril4eYgC6UgKX_fpR9QNkgLHVuGV0313E2h8fvhFAWf8txxw7bWPxGAhrIULJPo.znwCQe9ekggQ58Q9LbrzipTX9LL0rFcxkpOzr1Ob2DA&dib_tag=se&keywords=smart+phones&qid=1773974443&sprefix=smart+phone%2Caps%2C397&sr=8-3#customerReviews	Samsung Galaxy M07 Mobile (Black, 4GB RAM, 64GB Storage) | MediaTek Helio G99 | AnTuTu 624K | IP54| 50MP Camera | 7.6mm Slim | 5000mAh Battery | 25W Fast Charging | 6 Gen OS Upgrades | Without Charger	javascript:void(0)	4.2 out of 5 stars	https://www.amazon.in/Samsung-Storage-MediaTek-Charging-Upgrades/dp/B0FN7QTRPY/ref=sr_1_3?crid=1T9UVX5LBL3DZ&dib=eyJ2IjoiMSJ9.a3v4xrKF-RdvbkPHmKrMLU-Oaqabw3M0na681nPvHar9Rc-i7Tzx8i5EP-W81yreKFhv8fbeC0d7um_22nNit1ayZjsHIf1Lmdq0AEexOpvzvmcalzS8MJeQ2_lhXtOCdyu7C9cj5c4YHPPTZ6aKaAfXHsmjJmlPAKw7OVKRyPV2ril4eYgC6UgKX_fpR9QNkgLHVuGV0313E2h8fvhFAWf8txxw7bWPxGAhrIULJPo.znwCQe9ekggQ58Q9LbrzipTX9LL0rFcxkpOzr1Ob2DA&dib_tag=se&keywords=smart+phones&qid=1773974443&sprefix=smart+phone%2Caps%2C397&sr=8-3	(900)	5K+ bought in past month	Price, product page		₹8,399	₹	8,399	M.R.P: ₹10,999	M.R.P:	₹10,999	(24% off)	Up to 5% back with Amazon Pay ICICI card	Up to 5% back with Amazon Pay ICIC...	FREE delivery	Mon, 23 Mar	Or  get FREE delivery	.prime-brand-color {color: #0064f9; }	Prime members	Today 12 pm - 4 pm	Add to cart			
	2.5	https://www.amazon.in/IKALL-Z10-Smartphone-Octa-Core-Processor/dp/B0FVT58CV2/ref=sr_1_4?crid=1T9UVX5LBL3DZ&dib=eyJ2IjoiMSJ9.a3v4xrKF-RdvbkPHmKrMLU-Oaqabw3M0na681nPvHar9Rc-i7Tzx8i5EP-W81yreKFhv8fbeC0d7um_22nNit1ayZjsHIf1Lmdq0AEexOpvzvmcalzS8MJeQ2_lhXtOCdyu7C9cj5c4YHPPTZ6aKaAfXHsmjJmlPAKw7OVKRyPV2ril4eYgC6UgKX_fpR9QNkgLHVuGV0313E2h8fvhFAWf8txxw7bWPxGAhrIULJPo.znwCQe9ekggQ58Q9LbrzipTX9LL0rFcxkpOzr1Ob2DA&dib_tag=se&keywords=smart+phones&qid=1773974443&sprefix=smart+phone%2Caps%2C397&sr=8-4	https://m.media-amazon.com/images/I/51UOnCphehL._AC_UY218_.jpg					https://www.amazon.in/IKALL-Z10-Smartphone-Octa-Core-Processor/dp/B0FVT58CV2/ref=sr_1_4?crid=1T9UVX5LBL3DZ&dib=eyJ2IjoiMSJ9.a3v4xrKF-RdvbkPHmKrMLU-Oaqabw3M0na681nPvHar9Rc-i7Tzx8i5EP-W81yreKFhv8fbeC0d7um_22nNit1ayZjsHIf1Lmdq0AEexOpvzvmcalzS8MJeQ2_lhXtOCdyu7C9cj5c4YHPPTZ6aKaAfXHsmjJmlPAKw7OVKRyPV2ril4eYgC6UgKX_fpR9QNkgLHVuGV0313E2h8fvhFAWf8txxw7bWPxGAhrIULJPo.znwCQe9ekggQ58Q9LbrzipTX9LL0rFcxkpOzr1Ob2DA&dib_tag=se&keywords=smart+phones&qid=1773974443&sprefix=smart+phone%2Caps%2C397&sr=8-4		https://www.amazon.in/IKALL-Z10-Smartphone-Octa-Core-Processor/dp/B0FVT58CV2/ref=sr_1_4?crid=1T9UVX5LBL3DZ&dib=eyJ2IjoiMSJ9.a3v4xrKF-RdvbkPHmKrMLU-Oaqabw3M0na681nPvHar9Rc-i7Tzx8i5EP-W81yreKFhv8fbeC0d7um_22nNit1ayZjsHIf1Lmdq0AEexOpvzvmcalzS8MJeQ2_lhXtOCdyu7C9cj5c4YHPPTZ6aKaAfXHsmjJmlPAKw7OVKRyPV2ril4eYgC6UgKX_fpR9QNkgLHVuGV0313E2h8fvhFAWf8txxw7bWPxGAhrIULJPo.znwCQe9ekggQ58Q9LbrzipTX9LL0rFcxkpOzr1Ob2DA&dib_tag=se&keywords=smart+phones&qid=1773974443&sprefix=smart+phone%2Caps%2C397&sr=8-4#customerReviews	IKALL Z10 Smartphone | 6.53” HD Display | 4GB RAM, 64GB ROM | 20MP Rear + 8MP Front Camera | 5000mAh Battery | Android 14 | Octa-Core Processor (Orange)	javascript:void(0)	2.5 out of 5 stars	https://www.amazon.in/IKALL-Z10-Smartphone-Octa-Core-Processor/dp/B0FVT58CV2/ref=sr_1_4?crid=1T9UVX5LBL3DZ&dib=eyJ2IjoiMSJ9.a3v4xrKF-RdvbkPHmKrMLU-Oaqabw3M0na681nPvHar9Rc-i7Tzx8i5EP-W81yreKFhv8fbeC0d7um_22nNit1ayZjsHIf1Lmdq0AEexOpvzvmcalzS8MJeQ2_lhXtOCdyu7C9cj5c4YHPPTZ6aKaAfXHsmjJmlPAKw7OVKRyPV2ril4eYgC6UgKX_fpR9QNkgLHVuGV0313E2h8fvhFAWf8txxw7bWPxGAhrIULJPo.znwCQe9ekggQ58Q9LbrzipTX9LL0rFcxkpOzr1Ob2DA&dib_tag=se&keywords=smart+phones&qid=1773974443&sprefix=smart+phone%2Caps%2C397&sr=8-4	(25)	100+ bought in past month	Price, product page	https://www.amazon.in/IKALL-Z10-Smartphone-Octa-Core-Processor/dp/B0FVT58CV2/ref=cs_sr_dp_loc_1?crid=1T9UVX5LBL3DZ&dib=eyJ2IjoiMSJ9.a3v4xrKF-RdvbkPHmKrMLU-Oaqabw3M0na681nPvHar9Rc-i7Tzx8i5EP-W81yreKFhv8fbeC0d7um_22nNit1ayZjsHIf1Lmdq0AEexOpvzvmcalzS8MJeQ2_lhXtOCdyu7C9cj5c4YHPPTZ6aKaAfXHsmjJmlPAKw7OVKRyPV2ril4eYgC6UgKX_fpR9QNkgLHVuGV0313E2h8fvhFAWf8txxw7bWPxGAhrIULJPo.znwCQe9ekggQ58Q9LbrzipTX9LL0rFcxkpOzr1Ob2DA&dib_tag=se&keywords=smart+phones&qid=1773974443&sprefix=smart+phone%2Caps%2C397&sr=8-4	₹6,799	₹	6,799	M.R.P: ₹7,999	M.R.P:	₹7,999	(15% off)	Up to 5% back with Amazon Pay ICICI card	Up to 5% back with Amazon Pay ICIC...	FREE delivery	Mon, 23 Mar					Add to cart	https://www.amazon.in/IKALL-Z10-Smartphone-Octa-Core-Processor/dp/B0FV3G1KBL/ref=cs_sr_dp_loc_2?crid=1T9UVX5LBL3DZ&dib=eyJ2IjoiMSJ9.a3v4xrKF-RdvbkPHmKrMLU-Oaqabw3M0na681nPvHar9Rc-i7Tzx8i5EP-W81yreKFhv8fbeC0d7um_22nNit1ayZjsHIf1Lmdq0AEexOpvzvmcalzS8MJeQ2_lhXtOCdyu7C9cj5c4YHPPTZ6aKaAfXHsmjJmlPAKw7OVKRyPV2ril4eYgC6UgKX_fpR9QNkgLHVuGV0313E2h8fvhFAWf8txxw7bWPxGAhrIULJPo.znwCQe9ekggQ58Q9LbrzipTX9LL0rFcxkpOzr1Ob2DA&dib_tag=se&keywords=smart+phones&qid=1773974443&sprefix=smart+phone%2Caps%2C397&sr=8-4		
	4.0	https://www.amazon.in/Samsung-MediaTek-Dimensity-Charging-Upgrades/dp/B0DX655V11/ref=sr_1_5?crid=1T9UVX5LBL3DZ&dib=eyJ2IjoiMSJ9.a3v4xrKF-RdvbkPHmKrMLU-Oaqabw3M0na681nPvHar9Rc-i7Tzx8i5EP-W81yreKFhv8fbeC0d7um_22nNit1ayZjsHIf1Lmdq0AEexOpvzvmcalzS8MJeQ2_lhXtOCdyu7C9cj5c4YHPPTZ6aKaAfXHsmjJmlPAKw7OVKRyPV2ril4eYgC6UgKX_fpR9QNkgLHVuGV0313E2h8fvhFAWf8txxw7bWPxGAhrIULJPo.znwCQe9ekggQ58Q9LbrzipTX9LL0rFcxkpOzr1Ob2DA&dib_tag=se&keywords=smart+phones&qid=1773974443&sprefix=smart+phone%2Caps%2C397&sr=8-5	https://m.media-amazon.com/images/I/71evPv-TvmL._AC_UY218_.jpg					https://www.amazon.in/Samsung-MediaTek-Dimensity-Charging-Upgrades/dp/B0DX655V11/ref=sr_1_5?crid=1T9UVX5LBL3DZ&dib=eyJ2IjoiMSJ9.a3v4xrKF-RdvbkPHmKrMLU-Oaqabw3M0na681nPvHar9Rc-i7Tzx8i5EP-W81yreKFhv8fbeC0d7um_22nNit1ayZjsHIf1Lmdq0AEexOpvzvmcalzS8MJeQ2_lhXtOCdyu7C9cj5c4YHPPTZ6aKaAfXHsmjJmlPAKw7OVKRyPV2ril4eYgC6UgKX_fpR9QNkgLHVuGV0313E2h8fvhFAWf8txxw7bWPxGAhrIULJPo.znwCQe9ekggQ58Q9LbrzipTX9LL0rFcxkpOzr1Ob2DA&dib_tag=se&keywords=smart+phones&qid=1773974443&sprefix=smart+phone%2Caps%2C397&sr=8-5		https://www.amazon.in/Samsung-MediaTek-Dimensity-Charging-Upgrades/dp/B0DX655V11/ref=sr_1_5?crid=1T9UVX5LBL3DZ&dib=eyJ2IjoiMSJ9.a3v4xrKF-RdvbkPHmKrMLU-Oaqabw3M0na681nPvHar9Rc-i7Tzx8i5EP-W81yreKFhv8fbeC0d7um_22nNit1ayZjsHIf1Lmdq0AEexOpvzvmcalzS8MJeQ2_lhXtOCdyu7C9cj5c4YHPPTZ6aKaAfXHsmjJmlPAKw7OVKRyPV2ril4eYgC6UgKX_fpR9QNkgLHVuGV0313E2h8fvhFAWf8txxw7bWPxGAhrIULJPo.znwCQe9ekggQ58Q9LbrzipTX9LL0rFcxkpOzr1Ob2DA&dib_tag=se&keywords=smart+phones&qid=1773974443&sprefix=smart+phone%2Caps%2C397&sr=8-5#customerReviews	Samsung Galaxy M06 5G Mobile (Sage Green, 6GB RAM, 128GB Storage) | MediaTek Dimensity 6300 | AnTuTu 623K+ | 12 5G Bands | 25W Fast Charging | 4 Gen OS Upgrades | 50MP Camera | Without Charger	javascript:void(0)	4.0 out of 5 stars	https://www.amazon.in/Samsung-MediaTek-Dimensity-Charging-Upgrades/dp/B0DX655V11/ref=sr_1_5?crid=1T9UVX5LBL3DZ&dib=eyJ2IjoiMSJ9.a3v4xrKF-RdvbkPHmKrMLU-Oaqabw3M0na681nPvHar9Rc-i7Tzx8i5EP-W81yreKFhv8fbeC0d7um_22nNit1ayZjsHIf1Lmdq0AEexOpvzvmcalzS8MJeQ2_lhXtOCdyu7C9cj5c4YHPPTZ6aKaAfXHsmjJmlPAKw7OVKRyPV2ril4eYgC6UgKX_fpR9QNkgLHVuGV0313E2h8fvhFAWf8txxw7bWPxGAhrIULJPo.znwCQe9ekggQ58Q9LbrzipTX9LL0rFcxkpOzr1Ob2DA&dib_tag=se&keywords=smart+phones&qid=1773974443&sprefix=smart+phone%2Caps%2C397&sr=8-5	(6.9K)	3K+ bought in past month	Price, product page	https://www.amazon.in/Samsung-MediaTek-Dimensity-Charging-Upgrades/dp/B0DX655V11/ref=cs_sr_dp_loc_1?crid=1T9UVX5LBL3DZ&dib=eyJ2IjoiMSJ9.a3v4xrKF-RdvbkPHmKrMLU-Oaqabw3M0na681nPvHar9Rc-i7Tzx8i5EP-W81yreKFhv8fbeC0d7um_22nNit1ayZjsHIf1Lmdq0AEexOpvzvmcalzS8MJeQ2_lhXtOCdyu7C9cj5c4YHPPTZ6aKaAfXHsmjJmlPAKw7OVKRyPV2ril4eYgC6UgKX_fpR9QNkgLHVuGV0313E2h8fvhFAWf8txxw7bWPxGAhrIULJPo.znwCQe9ekggQ58Q9LbrzipTX9LL0rFcxkpOzr1Ob2DA&dib_tag=se&keywords=smart+phones&qid=1773974443&sprefix=smart+phone%2Caps%2C397&sr=8-5	₹11,999	₹	11,999	M.R.P: ₹15,400	M.R.P:	₹15,400	(22% off)	Up to 5% back with Amazon Pay ICICI card	Up to 5% back with Amazon Pay ICIC...	FREE delivery	Mon, 23 Mar	Or  get FREE delivery	.prime-brand-color {color: #0064f9; }	Prime members	Today 12 pm - 4 pm	Add to cart	https://www.amazon.in/Samsung-MediaTek-Dimensity-Charging-Upgrades/dp/B0DX5R87P8/ref=cs_sr_dp_loc_2?crid=1T9UVX5LBL3DZ&dib=eyJ2IjoiMSJ9.a3v4xrKF-RdvbkPHmKrMLU-Oaqabw3M0na681nPvHar9Rc-i7Tzx8i5EP-W81yreKFhv8fbeC0d7um_22nNit1ayZjsHIf1Lmdq0AEexOpvzvmcalzS8MJeQ2_lhXtOCdyu7C9cj5c4YHPPTZ6aKaAfXHsmjJmlPAKw7OVKRyPV2ril4eYgC6UgKX_fpR9QNkgLHVuGV0313E2h8fvhFAWf8txxw7bWPxGAhrIULJPo.znwCQe9ekggQ58Q9LbrzipTX9LL0rFcxkpOzr1Ob2DA&dib_tag=se&keywords=smart+phones&qid=1773974443&sprefix=smart+phone%2Caps%2C397&sr=8-5		
Trending now	4.2	https://www.amazon.in/s?k=smart+phones&crid=1T9UVX5LBL3DZ&sprefix=smart+phone%2Caps%2C397&ref=nb_sb_noss_2#	https://m.media-amazon.com/images/I/71bJ3TVfwgL._AC_UL320_.jpg					https://www.amazon.in/sspa/click?ie=UTF8&spc=MToxMTAyMDY0MzA2ODQ3ODA0OjE3NzM5NzQ0NDM6c3Bfc2VhcmNoX3RoZW1hdGljOjMwMDc3ODU5MTg3OTQzMjo6MDo6&url=%2FSamsung-Moonlight-Storage-Upgrades-Lag-free%2Fdp%2FB0FN7TJYDK%2Fref%3Dsxin_14_pa_sp_search_thematic_sspa%3Fcontent-id%3Damzn1.sym.7e2c8ac4-9f12-4bcd-9497-a8ae54bc8764%253Aamzn1.sym.7e2c8ac4-9f12-4bcd-9497-a8ae54bc8764%26crid%3D1T9UVX5LBL3DZ%26cv_ct_cx%3Dsmart%2Bphones%26keywords%3Dsmart%2Bphones%26pd_rd_i%3DB0FN7TJYDK%26pd_rd_r%3Da189939a-478b-48cf-b99a-96c924422012%26pd_rd_w%3D8O7J8%26pd_rd_wg%3DRpN3g%26pf_rd_p%3D7e2c8ac4-9f12-4bcd-9497-a8ae54bc8764%26pf_rd_r%3DZ4T5Y5P2R2HE21XG8CKS%26qid%3D1773974443%26sbo%3DRZvfv%252F%252FHxDF%252BO5021pAnSA%253D%253D%26sprefix%3Dsmart%2Bphone%252Caps%252C397%26sr%3D1-1-66673dcf-083f-43ba-b782-d4a436cc5cfb-spons%26aref%3DNrZV1R4x5b%26sp_csd%3Dd2lkZ2V0TmFtZT1zcF9zZWFyY2hfdGhlbWF0aWM%26psc%3D1&aref=NrZV1R4x5b&sp_cr=ZAZ	Sponsored	https://www.amazon.in/sspa/click?ie=UTF8&spc=MToxMTAyMDY0MzA2ODQ3ODA0OjE3NzM5NzQ0NDM6c3Bfc2VhcmNoX3RoZW1hdGljOjMwMDc3ODU5MTg3OTQzMjo6MDo6&url=%2FSamsung-Moonlight-Storage-Upgrades-Lag-free%2Fdp%2FB0FN7TJYDK%2Fref%3Dsxin_14_pa_sp_search_thematic_sspa%3Fcontent-id%3Damzn1.sym.7e2c8ac4-9f12-4bcd-9497-a8ae54bc8764%253Aamzn1.sym.7e2c8ac4-9f12-4bcd-9497-a8ae54bc8764%26crid%3D1T9UVX5LBL3DZ%26cv_ct_cx%3Dsmart%2Bphones%26keywords%3Dsmart%2Bphones%26pd_rd_i%3DB0FN7TJYDK%26pd_rd_r%3Da189939a-478b-48cf-b99a-96c924422012%26pd_rd_w%3D8O7J8%26pd_rd_wg%3DRpN3g%26pf_rd_p%3D7e2c8ac4-9f12-4bcd-9497-a8ae54bc8764%26pf_rd_r%3DZ4T5Y5P2R2HE21XG8CKS%26qid%3D1773974443%26sbo%3DRZvfv%252F%252FHxDF%252BO5021pAnSA%253D%253D%26sprefix%3Dsmart%2Bphone%252Caps%252C397%26sr%3D1-1-66673dcf-083f-43ba-b782-d4a436cc5cfb-spons%26aref%3DNrZV1R4x5b%26sp_csd%3Dd2lkZ2V0TmFtZT1zcF9zZWFyY2hfdGhlbWF0aWM%26psc%3D1&aref=NrZV1R4x5b&sp_cr=ZAZ	Samsung Galaxy M17 5G Mobile (Moonlight Silver, 4GB RAM, 128GB Storage) | 50MP OIS Triple Camera | Gorilla Glass Victus| IP54 | 6 Gen OS Upgrades | AI | Gemini Live | Lag-free Gaming | Without Charger	javascript:void(0)	4.2 out of 5 stars	https://www.amazon.in/sspa/click?ie=UTF8&spc=MToxMTAyMDY0MzA2ODQ3ODA0OjE3NzM5NzQ0NDM6c3Bfc2VhcmNoX3RoZW1hdGljOjMwMDc3ODU5MTg3OTQzMjo6MDo6&url=%2FSamsung-Moonlight-Storage-Upgrades-Lag-free%2Fdp%2FB0FN7TJYDK%2Fref%3Dsxin_14_pa_sp_search_thematic_sspa%3Fcontent-id%3Damzn1.sym.7e2c8ac4-9f12-4bcd-9497-a8ae54bc8764%253Aamzn1.sym.7e2c8ac4-9f12-4bcd-9497-a8ae54bc8764%26crid%3D1T9UVX5LBL3DZ%26cv_ct_cx%3Dsmart%2Bphones%26keywords%3Dsmart%2Bphones%26pd_rd_i%3DB0FN7TJYDK%26pd_rd_r%3Da189939a-478b-48cf-b99a-96c924422012%26pd_rd_w%3D8O7J8%26pd_rd_wg%3DRpN3g%26pf_rd_p%3D7e2c8ac4-9f12-4bcd-9497-a8ae54bc8764%26pf_rd_r%3DZ4T5Y5P2R2HE21XG8CKS%26qid%3D1773974443%26sbo%3DRZvfv%252F%252FHxDF%252BO5021pAnSA%253D%253D%26sprefix%3Dsmart%2Bphone%252Caps%252C397%26sr%3D1-1-66673dcf-083f-43ba-b782-d4a436cc5cfb-spons%26aref%3DNrZV1R4x5b%26sp_csd%3Dd2lkZ2V0TmFtZT1zcF9zZWFyY2hfdGhlbWF0aWM%26psc%3D1&aref=NrZV1R4x5b&sp_cr=ZAZ	(1.4K)	1K+ bought in past month	Price, product page	https://www.amazon.in/sspa/click?ie=UTF8&spc=MToxMTAyMDY0MzA2ODQ3ODA0OjE3NzM5NzQ0NDM6c3Bfc2VhcmNoX3RoZW1hdGljOjMwMDc3ODU5MTg3OTQzMjo6MDo6&url=%2FSamsung-Moonlight-Storage-Upgrades-Lag-free%2Fdp%2FB0FN7TJYDK%2Fref%3Dsxin_14_pa_sp_search_thematic_sspa%3Fcontent-id%3Damzn1.sym.7e2c8ac4-9f12-4bcd-9497-a8ae54bc8764%253Aamzn1.sym.7e2c8ac4-9f12-4bcd-9497-a8ae54bc8764%26crid%3D1T9UVX5LBL3DZ%26cv_ct_cx%3Dsmart%2Bphones%26keywords%3Dsmart%2Bphones%26pd_rd_i%3DB0FN7TJYDK%26pd_rd_r%3Da189939a-478b-48cf-b99a-96c924422012%26pd_rd_w%3D8O7J8%26pd_rd_wg%3DRpN3g%26pf_rd_p%3D7e2c8ac4-9f12-4bcd-9497-a8ae54bc8764%26pf_rd_r%3DZ4T5Y5P2R2HE21XG8CKS%26qid%3D1773974443%26sbo%3DRZvfv%252F%252FHxDF%252BO5021pAnSA%253D%253D%26sprefix%3Dsmart%2Bphone%252Caps%252C397%26sr%3D1-1-66673dcf-083f-43ba-b782-d4a436cc5cfb-spons%26aref%3DNrZV1R4x5b%26sp_csd%3Dd2lkZ2V0TmFtZT1zcF9zZWFyY2hfdGhlbWF0aWM%26psc%3D1&aref=NrZV1R4x5b&sp_cr=ZAZ#customerReviews	₹14,499	₹	14,499	M.R.P: ₹16,499	M.R.P:	₹16,499	(12% off)	Up to 5% back with Amazon Pay ICICI card	Up to 5% back with Amazon Pay ICICI card	FREE delivery	Mon, 23 Mar	Or  get FREE delivery	.prime-brand-color {color: #0064f9; }	Prime members	Today 12 pm - 4 pm	Add to cart	https://www.amazon.in/sspa/click?ie=UTF8&spc=MToxMTAyMDY0MzA2ODQ3ODA0OjE3NzM5NzQ0NDM6c3Bfc2VhcmNoX3RoZW1hdGljOjMwMDc3ODU5MTg3OTQzMjo6MDo6&url=%2FSamsung-Moonlight-Storage-Upgrades-Lag-free%2Fdp%2FB0FN7TJYDK%2Fref%3Dsxin_14_pa_sp_search_thematic_sspa%3Fcontent-id%3Damzn1.sym.7e2c8ac4-9f12-4bcd-9497-a8ae54bc8764%253Aamzn1.sym.7e2c8ac4-9f12-4bcd-9497-a8ae54bc8764%26crid%3D1T9UVX5LBL3DZ%26cv_ct_cx%3Dsmart%2Bphones%26keywords%3Dsmart%2Bphones%26pd_rd_i%3DB0FN7TJYDK%26pd_rd_r%3Da189939a-478b-48cf-b99a-96c924422012%26pd_rd_w%3D8O7J8%26pd_rd_wg%3DRpN3g%26pf_rd_p%3D7e2c8ac4-9f12-4bcd-9497-a8ae54bc8764%26pf_rd_r%3DZ4T5Y5P2R2HE21XG8CKS%26qid%3D1773974443%26sbo%3DRZvfv%252F%252FHxDF%252BO5021pAnSA%253D%253D%26sprefix%3Dsmart%2Bphone%252Caps%252C397%26sr%3D1-1-66673dcf-083f-43ba-b782-d4a436cc5cfb-spons%26aref%3DNrZV1R4x5b%26sp_csd%3Dd2lkZ2V0TmFtZT1zcF9zZWFyY2hfdGhlbWF0aWM%26psc%3D1&aref=NrZV1R4x5b&sp_cr=ZAZ	https://www.amazon.in/sspa/click?ie=UTF8&spc=MToxMTAyMDY0MzA2ODQ3ODA0OjE3NzM5NzQ0NDM6c3Bfc2VhcmNoX3RoZW1hdGljOjMwMDk5MTM4NDYxNTAzMjo6MTo6&url=%2FMotorola-G96-PANTONE-Greener-Pastures%2Fdp%2FB0FHGD4VNY%2Fref%3Dsxin_14_pa_sp_search_thematic_sspa%3Fcontent-id%3Damzn1.sym.7e2c8ac4-9f12-4bcd-9497-a8ae54bc8764%253Aamzn1.sym.7e2c8ac4-9f12-4bcd-9497-a8ae54bc8764%26crid%3D1T9UVX5LBL3DZ%26cv_ct_cx%3Dsmart%2Bphones%26keywords%3Dsmart%2Bphones%26pd_rd_i%3DB0FHGD4VNY%26pd_rd_r%3Da189939a-478b-48cf-b99a-96c924422012%26pd_rd_w%3D8O7J8%26pd_rd_wg%3DRpN3g%26pf_rd_p%3D7e2c8ac4-9f12-4bcd-9497-a8ae54bc8764%26pf_rd_r%3DZ4T5Y5P2R2HE21XG8CKS%26qid%3D1773974443%26sbo%3DRZvfv%252F%252FHxDF%252BO5021pAnSA%253D%253D%26sprefix%3Dsmart%2Bphone%252Caps%252C397%26sr%3D1-2-66673dcf-083f-43ba-b782-d4a436cc5cfb-spons%26aref%3D7KMbiOH3Ur%26sp_csd%3Dd2lkZ2V0TmFtZT1zcF9zZWFyY2hfdGhlbWF0aWM%26psc%3D1&aref=7KMbiOH3Ur&sp_cr=ZAZ	https://www.amazon.in/sspa/click?ie=UTF8&spc=MToxMTAyMDY0MzA2ODQ3ODA0OjE3NzM5NzQ0NDM6c3Bfc2VhcmNoX3RoZW1hdGljOjMwMDk5MTM4NDYxNTAzMjo6MTo6&url=%2FMotorola-G96-PANTONE-Greener-Pastures%2Fdp%2FB0FHGD4VNY%2Fref%3Dsxin_14_pa_sp_search_thematic_sspa%3Fcontent-id%3Damzn1.sym.7e2c8ac4-9f12-4bcd-9497-a8ae54bc8764%253Aamzn1.sym.7e2c8ac4-9f12-4bcd-9497-a8ae54bc8764%26crid%3D1T9UVX5LBL3DZ%26cv_ct_cx%3Dsmart%2Bphones%26keywords%3Dsmart%2Bphones%26pd_rd_i%3DB0FHGD4VNY%26pd_rd_r%3Da189939a-478b-48cf-b99a-96c924422012%26pd_rd_w%3D8O7J8%26pd_rd_wg%3DRpN3g%26pf_rd_p%3D7e2c8ac4-9f12-4bcd-9497-a8ae54bc8764%26pf_rd_r%3DZ4T5Y5P2R2HE21XG8CKS%26qid%3D1773974443%26sbo%3DRZvfv%252F%252FHxDF%252BO5021pAnSA%253D%253D%26sprefix%3Dsmart%2Bphone%252Caps%252C397%26sr%3D1-2-66673dcf-083f-43ba-b782-d4a436cc5cfb-spons%26aref%3D7KMbiOH3Ur%26sp_csd%3Dd2lkZ2V0TmFtZT1zcF9zZWFyY2hfdGhlbWF0aWM%26psc%3D1&aref=7KMbiOH3Ur&sp_cr=ZAZ
More results																																					
	4.4	https://www.amazon.in/iQOO-Ultramarine-Dimensity-Military-Grade-Durability/dp/B0F2T6TV4M/ref=sr_1_6?crid=1T9UVX5LBL3DZ&dib=eyJ2IjoiMSJ9.a3v4xrKF-RdvbkPHmKrMLU-Oaqabw3M0na681nPvHar9Rc-i7Tzx8i5EP-W81yreKFhv8fbeC0d7um_22nNit1ayZjsHIf1Lmdq0AEexOpvzvmcalzS8MJeQ2_lhXtOCdyu7C9cj5c4YHPPTZ6aKaAfXHsmjJmlPAKw7OVKRyPV2ril4eYgC6UgKX_fpR9QNkgLHVuGV0313E2h8fvhFAWf8txxw7bWPxGAhrIULJPo.znwCQe9ekggQ58Q9LbrzipTX9LL0rFcxkpOzr1Ob2DA&dib_tag=se&keywords=smart+phones&qid=1773974443&sprefix=smart+phone%2Caps%2C397&sr=8-6	https://m.media-amazon.com/images/I/61oa+zoqwmL._AC_UY218_.jpg					https://www.amazon.in/iQOO-Ultramarine-Dimensity-Military-Grade-Durability/dp/B0F2T6TV4M/ref=sr_1_6?crid=1T9UVX5LBL3DZ&dib=eyJ2IjoiMSJ9.a3v4xrKF-RdvbkPHmKrMLU-Oaqabw3M0na681nPvHar9Rc-i7Tzx8i5EP-W81yreKFhv8fbeC0d7um_22nNit1ayZjsHIf1Lmdq0AEexOpvzvmcalzS8MJeQ2_lhXtOCdyu7C9cj5c4YHPPTZ6aKaAfXHsmjJmlPAKw7OVKRyPV2ril4eYgC6UgKX_fpR9QNkgLHVuGV0313E2h8fvhFAWf8txxw7bWPxGAhrIULJPo.znwCQe9ekggQ58Q9LbrzipTX9LL0rFcxkpOzr1Ob2DA&dib_tag=se&keywords=smart+phones&qid=1773974443&sprefix=smart+phone%2Caps%2C397&sr=8-6		https://www.amazon.in/iQOO-Ultramarine-Dimensity-Military-Grade-Durability/dp/B0F2T6TV4M/ref=sr_1_6?crid=1T9UVX5LBL3DZ&dib=eyJ2IjoiMSJ9.a3v4xrKF-RdvbkPHmKrMLU-Oaqabw3M0na681nPvHar9Rc-i7Tzx8i5EP-W81yreKFhv8fbeC0d7um_22nNit1ayZjsHIf1Lmdq0AEexOpvzvmcalzS8MJeQ2_lhXtOCdyu7C9cj5c4YHPPTZ6aKaAfXHsmjJmlPAKw7OVKRyPV2ril4eYgC6UgKX_fpR9QNkgLHVuGV0313E2h8fvhFAWf8txxw7bWPxGAhrIULJPo.znwCQe9ekggQ58Q9LbrzipTX9LL0rFcxkpOzr1Ob2DA&dib_tag=se&keywords=smart+phones&qid=1773974443&sprefix=smart+phone%2Caps%2C397&sr=8-6#customerReviews	iQOO Z10x 5G (Ultramarine, 8GB RAM, 128GB Storage) | 6500 mAh Large Capacity Battery | Dimensity 7300 Processor | Military-Grade Durability	javascript:void(0)	4.4 out of 5 stars	https://www.amazon.in/iQOO-Ultramarine-Dimensity-Military-Grade-Durability/dp/B0F2T6TV4M/ref=sr_1_6?crid=1T9UVX5LBL3DZ&dib=eyJ2IjoiMSJ9.a3v4xrKF-RdvbkPHmKrMLU-Oaqabw3M0na681nPvHar9Rc-i7Tzx8i5EP-W81yreKFhv8fbeC0d7um_22nNit1ayZjsHIf1Lmdq0AEexOpvzvmcalzS8MJeQ2_lhXtOCdyu7C9cj5c4YHPPTZ6aKaAfXHsmjJmlPAKw7OVKRyPV2ril4eYgC6UgKX_fpR9QNkgLHVuGV0313E2h8fvhFAWf8txxw7bWPxGAhrIULJPo.znwCQe9ekggQ58Q9LbrzipTX9LL0rFcxkpOzr1Ob2DA&dib_tag=se&keywords=smart+phones&qid=1773974443&sprefix=smart+phone%2Caps%2C397&sr=8-6	(10.7K)	1K+ bought in past month	Price, product page		₹18,998	₹	18,998					10% Off on select cards	10% Off on select cards	FREE delivery	Mon, 23 Mar	Or  get FREE delivery	.prime-brand-color {color: #0064f9; }	Prime members	Today 12 pm - 4 pm	Add to cart			
	4.3	https://www.amazon.in/realme-P4X-Smartphone-Dimensity-Waterproof/dp/B0G3X74B2W/ref=sr_1_7_mod_primary_new?crid=1T9UVX5LBL3DZ&dib=eyJ2IjoiMSJ9.a3v4xrKF-RdvbkPHmKrMLU-Oaqabw3M0na681nPvHar9Rc-i7Tzx8i5EP-W81yreKFhv8fbeC0d7um_22nNit1ayZjsHIf1Lmdq0AEexOpvzvmcalzS8MJeQ2_lhXtOCdyu7C9cj5c4YHPPTZ6aKaAfXHsmjJmlPAKw7OVKRyPV2ril4eYgC6UgKX_fpR9QNkgLHVuGV0313E2h8fvhFAWf8txxw7bWPxGAhrIULJPo.znwCQe9ekggQ58Q9LbrzipTX9LL0rFcxkpOzr1Ob2DA&dib_tag=se&keywords=smart+phones&qid=1773974443&sbo=RZvfv%2F%2FHxDF%2BO5021pAnSA%3D%3D&sprefix=smart+phone%2Caps%2C397&sr=8-7	https://m.media-amazon.com/images/I/71e1UTxoEOL._AC_UY218_.jpg					https://www.amazon.in/realme-P4X-Smartphone-Dimensity-Waterproof/dp/B0G3X74B2W/ref=sr_1_7_mod_primary_new?crid=1T9UVX5LBL3DZ&dib=eyJ2IjoiMSJ9.a3v4xrKF-RdvbkPHmKrMLU-Oaqabw3M0na681nPvHar9Rc-i7Tzx8i5EP-W81yreKFhv8fbeC0d7um_22nNit1ayZjsHIf1Lmdq0AEexOpvzvmcalzS8MJeQ2_lhXtOCdyu7C9cj5c4YHPPTZ6aKaAfXHsmjJmlPAKw7OVKRyPV2ril4eYgC6UgKX_fpR9QNkgLHVuGV0313E2h8fvhFAWf8txxw7bWPxGAhrIULJPo.znwCQe9ekggQ58Q9LbrzipTX9LL0rFcxkpOzr1Ob2DA&dib_tag=se&keywords=smart+phones&qid=1773974443&sbo=RZvfv%2F%2FHxDF%2BO5021pAnSA%3D%3D&sprefix=smart+phone%2Caps%2C397&sr=8-7		https://www.amazon.in/realme-P4X-Smartphone-Dimensity-Waterproof/dp/B0G3X74B2W/ref=sr_1_7_mod_primary_new?crid=1T9UVX5LBL3DZ&dib=eyJ2IjoiMSJ9.a3v4xrKF-RdvbkPHmKrMLU-Oaqabw3M0na681nPvHar9Rc-i7Tzx8i5EP-W81yreKFhv8fbeC0d7um_22nNit1ayZjsHIf1Lmdq0AEexOpvzvmcalzS8MJeQ2_lhXtOCdyu7C9cj5c4YHPPTZ6aKaAfXHsmjJmlPAKw7OVKRyPV2ril4eYgC6UgKX_fpR9QNkgLHVuGV0313E2h8fvhFAWf8txxw7bWPxGAhrIULJPo.znwCQe9ekggQ58Q9LbrzipTX9LL0rFcxkpOzr1Ob2DA&dib_tag=se&keywords=smart+phones&qid=1773974443&sbo=RZvfv%2F%2FHxDF%2BO5021pAnSA%3D%3D&sprefix=smart+phone%2Caps%2C397&sr=8-7#customerReviews	realme P4X Smartphone 6.72 inch 144Hz Display 7000mAh Titan Bettery 45W Fast Charge 6GB RAM 128GB ROM Dimensity 7400 Ultra 5G Chipset IP64 Waterproof Dual SIM (Elegant Pink)	javascript:void(0)	4.3 out of 5 stars	https://www.amazon.in/realme-P4X-Smartphone-Dimensity-Waterproof/dp/B0G3X74B2W/ref=sr_1_7_mod_primary_new?crid=1T9UVX5LBL3DZ&dib=eyJ2IjoiMSJ9.a3v4xrKF-RdvbkPHmKrMLU-Oaqabw3M0na681nPvHar9Rc-i7Tzx8i5EP-W81yreKFhv8fbeC0d7um_22nNit1ayZjsHIf1Lmdq0AEexOpvzvmcalzS8MJeQ2_lhXtOCdyu7C9cj5c4YHPPTZ6aKaAfXHsmjJmlPAKw7OVKRyPV2ril4eYgC6UgKX_fpR9QNkgLHVuGV0313E2h8fvhFAWf8txxw7bWPxGAhrIULJPo.znwCQe9ekggQ58Q9LbrzipTX9LL0rFcxkpOzr1Ob2DA&dib_tag=se&keywords=smart+phones&qid=1773974443&sbo=RZvfv%2F%2FHxDF%2BO5021pAnSA%3D%3D&sprefix=smart+phone%2Caps%2C397&sr=8-7	(209)	1K+ bought in past month	Price, product page	https://www.amazon.in/realme-P4X-Smartphone-Dimensity-Waterproof/dp/B0G3X74B2W/ref=sr_1_7_mod_new?crid=1T9UVX5LBL3DZ&dib=eyJ2IjoiMSJ9.a3v4xrKF-RdvbkPHmKrMLU-Oaqabw3M0na681nPvHar9Rc-i7Tzx8i5EP-W81yreKFhv8fbeC0d7um_22nNit1ayZjsHIf1Lmdq0AEexOpvzvmcalzS8MJeQ2_lhXtOCdyu7C9cj5c4YHPPTZ6aKaAfXHsmjJmlPAKw7OVKRyPV2ril4eYgC6UgKX_fpR9QNkgLHVuGV0313E2h8fvhFAWf8txxw7bWPxGAhrIULJPo.znwCQe9ekggQ58Q9LbrzipTX9LL0rFcxkpOzr1Ob2DA&dib_tag=se&keywords=smart+phones&qid=1773974443&sbo=RZvfv%2F%2FHxDF%2BO5021pAnSA%3D%3D&sprefix=smart+phone%2Caps%2C397&sr=8-7	₹15,690	₹	15,690	M.R.P: ₹17,999	M.R.P:	₹17,999	(13% off)	Up to 5% back with Amazon Pay ICICI card	Up to 5% back with Amazon Pay ICIC...	FREE delivery	Tue, 24 Mar	FREE delivery			Mon, 23 Mar	Add to cart	https://www.amazon.in/realme-P4X-Smartphone-Dimensity-Waterproof/dp/B0G3X74B2W/ref=sr_1_7_mod_new?crid=1T9UVX5LBL3DZ&dib=eyJ2IjoiMSJ9.a3v4xrKF-RdvbkPHmKrMLU-Oaqabw3M0na681nPvHar9Rc-i7Tzx8i5EP-W81yreKFhv8fbeC0d7um_22nNit1ayZjsHIf1Lmdq0AEexOpvzvmcalzS8MJeQ2_lhXtOCdyu7C9cj5c4YHPPTZ6aKaAfXHsmjJmlPAKw7OVKRyPV2ril4eYgC6UgKX_fpR9QNkgLHVuGV0313E2h8fvhFAWf8txxw7bWPxGAhrIULJPo.znwCQe9ekggQ58Q9LbrzipTX9LL0rFcxkpOzr1Ob2DA&dib_tag=se&keywords=smart+phones&qid=1773974443&sbo=RZvfv%2F%2FHxDF%2BO5021pAnSA%3D%3D&sprefix=smart+phone%2Caps%2C397&sr=8-7	https://www.amazon.in/realme-P4X-Smartphone-Dimensity-Waterproof/dp/B0G3X74B2W/ref=sr_1_7_mod_new?crid=1T9UVX5LBL3DZ&dib=eyJ2IjoiMSJ9.a3v4xrKF-RdvbkPHmKrMLU-Oaqabw3M0na681nPvHar9Rc-i7Tzx8i5EP-W81yreKFhv8fbeC0d7um_22nNit1ayZjsHIf1Lmdq0AEexOpvzvmcalzS8MJeQ2_lhXtOCdyu7C9cj5c4YHPPTZ6aKaAfXHsmjJmlPAKw7OVKRyPV2ril4eYgC6UgKX_fpR9QNkgLHVuGV0313E2h8fvhFAWf8txxw7bWPxGAhrIULJPo.znwCQe9ekggQ58Q9LbrzipTX9LL0rFcxkpOzr1Ob2DA&dib_tag=se&keywords=smart+phones&qid=1773974443&sbo=RZvfv%2F%2FHxDF%2BO5021pAnSA%3D%3D&sprefix=smart+phone%2Caps%2C397&sr=8-7	https://www.amazon.in/realme-P4X-Smartphone-Dimensity-Waterproof/dp/B0G3X74B2W/ref=sr_1_7_mod_new?crid=1T9UVX5LBL3DZ&dib=eyJ2IjoiMSJ9.a3v4xrKF-RdvbkPHmKrMLU-Oaqabw3M0na681nPvHar9Rc-i7Tzx8i5EP-W81yreKFhv8fbeC0d7um_22nNit1ayZjsHIf1Lmdq0AEexOpvzvmcalzS8MJeQ2_lhXtOCdyu7C9cj5c4YHPPTZ6aKaAfXHsmjJmlPAKw7OVKRyPV2ril4eYgC6UgKX_fpR9QNkgLHVuGV0313E2h8fvhFAWf8txxw7bWPxGAhrIULJPo.znwCQe9ekggQ58Q9LbrzipTX9LL0rFcxkpOzr1Ob2DA&dib_tag=se&keywords=smart+phones&qid=1773974443&sbo=RZvfv%2F%2FHxDF%2BO5021pAnSA%3D%3D&sprefix=smart+phone%2Caps%2C397&sr=8-7
	4.3	https://www.amazon.in/realme-7000mAh-Biggest-Battery-Charging/dp/B0G4BLW168/ref=sr_1_8?crid=1T9UVX5LBL3DZ&dib=eyJ2IjoiMSJ9.a3v4xrKF-RdvbkPHmKrMLU-Oaqabw3M0na681nPvHar9Rc-i7Tzx8i5EP-W81yreKFhv8fbeC0d7um_22nNit1ayZjsHIf1Lmdq0AEexOpvzvmcalzS8MJeQ2_lhXtOCdyu7C9cj5c4YHPPTZ6aKaAfXHsmjJmlPAKw7OVKRyPV2ril4eYgC6UgKX_fpR9QNkgLHVuGV0313E2h8fvhFAWf8txxw7bWPxGAhrIULJPo.znwCQe9ekggQ58Q9LbrzipTX9LL0rFcxkpOzr1Ob2DA&dib_tag=se&keywords=smart+phones&qid=1773974443&sprefix=smart+phone%2Caps%2C397&sr=8-8	https://m.media-amazon.com/images/I/81iDmqegt4L._AC_UY218_.jpg			₹500 off coupon applied		https://www.amazon.in/realme-7000mAh-Biggest-Battery-Charging/dp/B0G4BLW168/ref=sr_1_8?crid=1T9UVX5LBL3DZ&dib=eyJ2IjoiMSJ9.a3v4xrKF-RdvbkPHmKrMLU-Oaqabw3M0na681nPvHar9Rc-i7Tzx8i5EP-W81yreKFhv8fbeC0d7um_22nNit1ayZjsHIf1Lmdq0AEexOpvzvmcalzS8MJeQ2_lhXtOCdyu7C9cj5c4YHPPTZ6aKaAfXHsmjJmlPAKw7OVKRyPV2ril4eYgC6UgKX_fpR9QNkgLHVuGV0313E2h8fvhFAWf8txxw7bWPxGAhrIULJPo.znwCQe9ekggQ58Q9LbrzipTX9LL0rFcxkpOzr1Ob2DA&dib_tag=se&keywords=smart+phones&qid=1773974443&sprefix=smart+phone%2Caps%2C397&sr=8-8		https://www.amazon.in/realme-7000mAh-Biggest-Battery-Charging/dp/B0G4BLW168/ref=sr_1_8?crid=1T9UVX5LBL3DZ&dib=eyJ2IjoiMSJ9.a3v4xrKF-RdvbkPHmKrMLU-Oaqabw3M0na681nPvHar9Rc-i7Tzx8i5EP-W81yreKFhv8fbeC0d7um_22nNit1ayZjsHIf1Lmdq0AEexOpvzvmcalzS8MJeQ2_lhXtOCdyu7C9cj5c4YHPPTZ6aKaAfXHsmjJmlPAKw7OVKRyPV2ril4eYgC6UgKX_fpR9QNkgLHVuGV0313E2h8fvhFAWf8txxw7bWPxGAhrIULJPo.znwCQe9ekggQ58Q9LbrzipTX9LL0rFcxkpOzr1Ob2DA&dib_tag=se&keywords=smart+phones&qid=1773974443&sprefix=smart+phone%2Caps%2C397&sr=8-8#customerReviews	realme NARZO 90x 5G (Nitro Blue,6GB+128GB) | 7000mAh + 60W Biggest Battery & Fastest Charging in The Segment* | 144Hz Bright Display | Sony 50MP AI Rear Camera | AI Assist | 400% Ultra Boom Speaker	javascript:void(0)	4.3 out of 5 stars	https://www.amazon.in/realme-7000mAh-Biggest-Battery-Charging/dp/B0G4BLW168/ref=sr_1_8?crid=1T9UVX5LBL3DZ&dib=eyJ2IjoiMSJ9.a3v4xrKF-RdvbkPHmKrMLU-Oaqabw3M0na681nPvHar9Rc-i7Tzx8i5EP-W81yreKFhv8fbeC0d7um_22nNit1ayZjsHIf1Lmdq0AEexOpvzvmcalzS8MJeQ2_lhXtOCdyu7C9cj5c4YHPPTZ6aKaAfXHsmjJmlPAKw7OVKRyPV2ril4eYgC6UgKX_fpR9QNkgLHVuGV0313E2h8fvhFAWf8txxw7bWPxGAhrIULJPo.znwCQe9ekggQ58Q9LbrzipTX9LL0rFcxkpOzr1Ob2DA&dib_tag=se&keywords=smart+phones&qid=1773974443&sprefix=smart+phone%2Caps%2C397&sr=8-8	(615)	500+ bought in past month	Price, product page	https://www.amazon.in/realme-7000mAh-Biggest-Battery-Charging/dp/B0G4BLW168/ref=cs_sr_dp_loc_1?crid=1T9UVX5LBL3DZ&dib=eyJ2IjoiMSJ9.a3v4xrKF-RdvbkPHmKrMLU-Oaqabw3M0na681nPvHar9Rc-i7Tzx8i5EP-W81yreKFhv8fbeC0d7um_22nNit1ayZjsHIf1Lmdq0AEexOpvzvmcalzS8MJeQ2_lhXtOCdyu7C9cj5c4YHPPTZ6aKaAfXHsmjJmlPAKw7OVKRyPV2ril4eYgC6UgKX_fpR9QNkgLHVuGV0313E2h8fvhFAWf8txxw7bWPxGAhrIULJPo.znwCQe9ekggQ58Q9LbrzipTX9LL0rFcxkpOzr1Ob2DA&dib_tag=se&keywords=smart+phones&qid=1773974443&sprefix=smart+phone%2Caps%2C397&sr=8-8	₹15,499	₹	15,499	M.R.P: ₹16,499	M.R.P:	₹16,499	(6% off)			FREE delivery	Mon, 23 Mar	Or  get FREE delivery	.prime-brand-color {color: #0064f9; }	Prime members	Today 12 pm - 4 pm	Add to cart	https://www.amazon.in/realme-7000mAh-Biggest-Battery-Charging/dp/B0GK8NQ8JP/ref=cs_sr_dp_loc_2?crid=1T9UVX5LBL3DZ&dib=eyJ2IjoiMSJ9.a3v4xrKF-RdvbkPHmKrMLU-Oaqabw3M0na681nPvHar9Rc-i7Tzx8i5EP-W81yreKFhv8fbeC0d7um_22nNit1ayZjsHIf1Lmdq0AEexOpvzvmcalzS8MJeQ2_lhXtOCdyu7C9cj5c4YHPPTZ6aKaAfXHsmjJmlPAKw7OVKRyPV2ril4eYgC6UgKX_fpR9QNkgLHVuGV0313E2h8fvhFAWf8txxw7bWPxGAhrIULJPo.znwCQe9ekggQ58Q9LbrzipTX9LL0rFcxkpOzr1Ob2DA&dib_tag=se&keywords=smart+phones&qid=1773974443&sprefix=smart+phone%2Caps%2C397&sr=8-8	https://www.amazon.in/realme-7000mAh-Biggest-Battery-Charging/dp/B0G4BC5WCV/ref=cs_sr_dp_loc_3?crid=1T9UVX5LBL3DZ&dib=eyJ2IjoiMSJ9.a3v4xrKF-RdvbkPHmKrMLU-Oaqabw3M0na681nPvHar9Rc-i7Tzx8i5EP-W81yreKFhv8fbeC0d7um_22nNit1ayZjsHIf1Lmdq0AEexOpvzvmcalzS8MJeQ2_lhXtOCdyu7C9cj5c4YHPPTZ6aKaAfXHsmjJmlPAKw7OVKRyPV2ril4eYgC6UgKX_fpR9QNkgLHVuGV0313E2h8fvhFAWf8txxw7bWPxGAhrIULJPo.znwCQe9ekggQ58Q9LbrzipTX9LL0rFcxkpOzr1Ob2DA&dib_tag=se&keywords=smart+phones&qid=1773974443&sprefix=smart+phone%2Caps%2C397&sr=8-8	https://www.amazon.in/realme-7000mAh-Biggest-Battery-Charging/dp/B0GHWBW56P/ref=cs_sr_dp_loc_4?crid=1T9UVX5LBL3DZ&dib=eyJ2IjoiMSJ9.a3v4xrKF-RdvbkPHmKrMLU-Oaqabw3M0na681nPvHar9Rc-i7Tzx8i5EP-W81yreKFhv8fbeC0d7um_22nNit1ayZjsHIf1Lmdq0AEexOpvzvmcalzS8MJeQ2_lhXtOCdyu7C9cj5c4YHPPTZ6aKaAfXHsmjJmlPAKw7OVKRyPV2ril4eYgC6UgKX_fpR9QNkgLHVuGV0313E2h8fvhFAWf8txxw7bWPxGAhrIULJPo.znwCQe9ekggQ58Q9LbrzipTX9LL0rFcxkpOzr1Ob2DA&dib_tag=se&keywords=smart+phones&qid=1773974443&sprefix=smart+phone%2Caps%2C397&sr=8-8
	M.R.P:	https://www.amazon.in/OPPO-Smartphone-Prism-Violet-Storage/dp/B0GPDK4MMN/ref=sr_1_9?crid=1T9UVX5LBL3DZ&dib=eyJ2IjoiMSJ9.a3v4xrKF-RdvbkPHmKrMLU-Oaqabw3M0na681nPvHar9Rc-i7Tzx8i5EP-W81yreKFhv8fbeC0d7um_22nNit1ayZjsHIf1Lmdq0AEexOpvzvmcalzS8MJeQ2_lhXtOCdyu7C9cj5c4YHPPTZ6aKaAfXHsmjJmlPAKw7OVKRyPV2ril4eYgC6UgKX_fpR9QNkgLHVuGV0313E2h8fvhFAWf8txxw7bWPxGAhrIULJPo.znwCQe9ekggQ58Q9LbrzipTX9LL0rFcxkpOzr1Ob2DA&dib_tag=se&keywords=smart+phones&qid=1773974443&sprefix=smart+phone%2Caps%2C397&sr=8-9	https://m.media-amazon.com/images/I/41PqArxdhOL._AC_UY218_.jpg			₹13,733		https://www.amazon.in/OPPO-Smartphone-Prism-Violet-Storage/dp/B0GPDK4MMN/ref=sr_1_9?crid=1T9UVX5LBL3DZ&dib=eyJ2IjoiMSJ9.a3v4xrKF-RdvbkPHmKrMLU-Oaqabw3M0na681nPvHar9Rc-i7Tzx8i5EP-W81yreKFhv8fbeC0d7um_22nNit1ayZjsHIf1Lmdq0AEexOpvzvmcalzS8MJeQ2_lhXtOCdyu7C9cj5c4YHPPTZ6aKaAfXHsmjJmlPAKw7OVKRyPV2ril4eYgC6UgKX_fpR9QNkgLHVuGV0313E2h8fvhFAWf8txxw7bWPxGAhrIULJPo.znwCQe9ekggQ58Q9LbrzipTX9LL0rFcxkpOzr1Ob2DA&dib_tag=se&keywords=smart+phones&qid=1773974443&sprefix=smart+phone%2Caps%2C397&sr=8-9	(9 new offers)	https://www.amazon.in/OPPO-Smartphone-Prism-Violet-Storage/dp/B0GPDK4MMN/ref=sr_1_9?crid=1T9UVX5LBL3DZ&dib=eyJ2IjoiMSJ9.a3v4xrKF-RdvbkPHmKrMLU-Oaqabw3M0na681nPvHar9Rc-i7Tzx8i5EP-W81yreKFhv8fbeC0d7um_22nNit1ayZjsHIf1Lmdq0AEexOpvzvmcalzS8MJeQ2_lhXtOCdyu7C9cj5c4YHPPTZ6aKaAfXHsmjJmlPAKw7OVKRyPV2ril4eYgC6UgKX_fpR9QNkgLHVuGV0313E2h8fvhFAWf8txxw7bWPxGAhrIULJPo.znwCQe9ekggQ58Q9LbrzipTX9LL0rFcxkpOzr1Ob2DA&dib_tag=se&keywords=smart+phones&qid=1773974443&sprefix=smart+phone%2Caps%2C397&sr=8-9	OPPO K14x 5G Smartphone, Prism Violet, 4GB RAM, 128GB Storage			https://www.amazon.in/gp/offer-listing/B0GPDK4MMN/ref=sr_1_9_olp?keywords=smart+phones&crid=1T9UVX5LBL3DZ&sprefix=smart+phone%2Caps%2C397&dib_tag=se&dib=eyJ2IjoiMSJ9.a3v4xrKF-RdvbkPHmKrMLU-Oaqabw3M0na681nPvHar9Rc-i7Tzx8i5EP-W81yreKFhv8fbeC0d7um_22nNit1ayZjsHIf1Lmdq0AEexOpvzvmcalzS8MJeQ2_lhXtOCdyu7C9cj5c4YHPPTZ6aKaAfXHsmjJmlPAKw7OVKRyPV2ril4eYgC6UgKX_fpR9QNkgLHVuGV0313E2h8fvhFAWf8txxw7bWPxGAhrIULJPo.znwCQe9ekggQ58Q9LbrzipTX9LL0rFcxkpOzr1Ob2DA&qid=1773974443&sr=8-9		More Buying Choices	Price, product page		₹13,735	₹	13,735	M.R.P: ₹17,999		₹17,999	(24% off)	Up to 5% back with Amazon Pay ICICI card	Up to 5% back with Amazon Pay ICIC...	FREE delivery	Mon, 23 Mar					Add to cart			
	M.R.P:	https://www.amazon.in/iQOO-Prismatic-Dimensity-7400-Turbo-Smartphone/dp/B0GP7LM2LN/ref=sr_1_10?crid=1T9UVX5LBL3DZ&dib=eyJ2IjoiMSJ9.a3v4xrKF-RdvbkPHmKrMLU-Oaqabw3M0na681nPvHar9Rc-i7Tzx8i5EP-W81yreKFhv8fbeC0d7um_22nNit1ayZjsHIf1Lmdq0AEexOpvzvmcalzS8MJeQ2_lhXtOCdyu7C9cj5c4YHPPTZ6aKaAfXHsmjJmlPAKw7OVKRyPV2ril4eYgC6UgKX_fpR9QNkgLHVuGV0313E2h8fvhFAWf8txxw7bWPxGAhrIULJPo.znwCQe9ekggQ58Q9LbrzipTX9LL0rFcxkpOzr1Ob2DA&dib_tag=se&keywords=smart+phones&qid=1773974443&sprefix=smart+phone%2Caps%2C397&sr=8-10	https://m.media-amazon.com/images/I/61HBOs7MdQL._AC_UY218_.jpg					https://www.amazon.in/iQOO-Prismatic-Dimensity-7400-Turbo-Smartphone/dp/B0GP7LM2LN/ref=sr_1_10?crid=1T9UVX5LBL3DZ&dib=eyJ2IjoiMSJ9.a3v4xrKF-RdvbkPHmKrMLU-Oaqabw3M0na681nPvHar9Rc-i7Tzx8i5EP-W81yreKFhv8fbeC0d7um_22nNit1ayZjsHIf1Lmdq0AEexOpvzvmcalzS8MJeQ2_lhXtOCdyu7C9cj5c4YHPPTZ6aKaAfXHsmjJmlPAKw7OVKRyPV2ril4eYgC6UgKX_fpR9QNkgLHVuGV0313E2h8fvhFAWf8txxw7bWPxGAhrIULJPo.znwCQe9ekggQ58Q9LbrzipTX9LL0rFcxkpOzr1Ob2DA&dib_tag=se&keywords=smart+phones&qid=1773974443&sprefix=smart+phone%2Caps%2C397&sr=8-10		https://www.amazon.in/deals	iQOO Z11x 5G (Prismatic Green, 6GB RAM, 128 GB Storage) | Dimensity 7400-Turbo Processor | 7200 mAh Battery Smartphone | Powered by OriginOS 6			https://www.amazon.in/iQOO-Prismatic-Dimensity-7400-Turbo-Smartphone/dp/B0GP7LM2LN/ref=sr_1_10?crid=1T9UVX5LBL3DZ&dib=eyJ2IjoiMSJ9.a3v4xrKF-RdvbkPHmKrMLU-Oaqabw3M0na681nPvHar9Rc-i7Tzx8i5EP-W81yreKFhv8fbeC0d7um_22nNit1ayZjsHIf1Lmdq0AEexOpvzvmcalzS8MJeQ2_lhXtOCdyu7C9cj5c4YHPPTZ6aKaAfXHsmjJmlPAKw7OVKRyPV2ril4eYgC6UgKX_fpR9QNkgLHVuGV0313E2h8fvhFAWf8txxw7bWPxGAhrIULJPo.znwCQe9ekggQ58Q9LbrzipTX9LL0rFcxkpOzr1Ob2DA&dib_tag=se&keywords=smart+phones&qid=1773974443&sprefix=smart+phone%2Caps%2C397&sr=8-10			Price, product page		₹18,998	₹	18,998	M.R.P: ₹28,999		₹28,999	(34% off)	10% Off on select cards	10% Off on select cards	FREE delivery	Mon, 23 Mar					Add to cart			
	M.R.P:	https://www.amazon.in/sspa/click?ie=UTF8&spc=MToxODk2MTkyMDYxOTc1NDg2OjE3NzM5NzQ0NDM6c3BfbXRmOjMwMDk4ODYwNTczODkzMjo6MDo6&url=%2FXIAOMI-Snapdragon-HyperCharge-Flagship-Experience%2Fdp%2FB0GMQMG91N%2Fref%3Dsr_1_11_sspa%3Fcrid%3D1T9UVX5LBL3DZ%26dib%3DeyJ2IjoiMSJ9.a3v4xrKF-RdvbkPHmKrMLU-Oaqabw3M0na681nPvHar9Rc-i7Tzx8i5EP-W81yreKFhv8fbeC0d7um_22nNit1ayZjsHIf1Lmdq0AEexOpvzvmcalzS8MJeQ2_lhXtOCdyu7C9cj5c4YHPPTZ6aKaAfXHsmjJmlPAKw7OVKRyPV2ril4eYgC6UgKX_fpR9QNkgLHVuGV0313E2h8fvhFAWf8txxw7bWPxGAhrIULJPo.znwCQe9ekggQ58Q9LbrzipTX9LL0rFcxkpOzr1Ob2DA%26dib_tag%3Dse%26keywords%3Dsmart%2Bphones%26qid%3D1773974443%26sprefix%3Dsmart%2Bphone%252Caps%252C397%26sr%3D8-11-spons%26aref%3D2icvVWU709%26sp_csd%3Dd2lkZ2V0TmFtZT1zcF9tdGY%26psc%3D1&aref=2icvVWU709&sp_cr=ZAZ	https://m.media-amazon.com/images/I/71KfhNgK6qL._AC_UY218_.jpg	javascript:void(0)	Sponsored	Sponsored	You are seeing this ad based on the product’s relevance to your search query.	https://www.amazon.in/s?k=smart+phones&crid=1T9UVX5LBL3DZ&sprefix=smart+phone%2Caps%2C397&ref=nb_sb_noss_2#	Let us know	https://www.amazon.in/sspa/click?ie=UTF8&spc=MToxODk2MTkyMDYxOTc1NDg2OjE3NzM5NzQ0NDM6c3BfbXRmOjMwMDk4ODYwNTczODkzMjo6MDo6&url=%2FXIAOMI-Snapdragon-HyperCharge-Flagship-Experience%2Fdp%2FB0GMQMG91N%2Fref%3Dsr_1_11_sspa%3Fcrid%3D1T9UVX5LBL3DZ%26dib%3DeyJ2IjoiMSJ9.a3v4xrKF-RdvbkPHmKrMLU-Oaqabw3M0na681nPvHar9Rc-i7Tzx8i5EP-W81yreKFhv8fbeC0d7um_22nNit1ayZjsHIf1Lmdq0AEexOpvzvmcalzS8MJeQ2_lhXtOCdyu7C9cj5c4YHPPTZ6aKaAfXHsmjJmlPAKw7OVKRyPV2ril4eYgC6UgKX_fpR9QNkgLHVuGV0313E2h8fvhFAWf8txxw7bWPxGAhrIULJPo.znwCQe9ekggQ58Q9LbrzipTX9LL0rFcxkpOzr1Ob2DA%26dib_tag%3Dse%26keywords%3Dsmart%2Bphones%26qid%3D1773974443%26sprefix%3Dsmart%2Bphone%252Caps%252C397%26sr%3D8-11-spons%26aref%3D2icvVWU709%26sp_csd%3Dd2lkZ2V0TmFtZT1zcF9tdGY%26psc%3D1&aref=2icvVWU709&sp_cr=ZAZ	XIAOMI 17 Ultra (16GB+512GB) | World's First Leica 1-Inch LOFIC Sensor | Snapdragon 8 Elite Gen 5 | 2K AMOLED Display | 90W HyperCharge HyperOS 3 | HyperAI Flagship Experience (White)			https://www.amazon.in/sspa/click?ie=UTF8&spc=MToxODk2MTkyMDYxOTc1NDg2OjE3NzM5NzQ0NDM6c3BfbXRmOjMwMDk4ODYwNTczODkzMjo6MDo6&url=%2FXIAOMI-Snapdragon-HyperCharge-Flagship-Experience%2Fdp%2FB0GMQMG91N%2Fref%3Dsr_1_11_sspa%3Fcrid%3D1T9UVX5LBL3DZ%26dib%3DeyJ2IjoiMSJ9.a3v4xrKF-RdvbkPHmKrMLU-Oaqabw3M0na681nPvHar9Rc-i7Tzx8i5EP-W81yreKFhv8fbeC0d7um_22nNit1ayZjsHIf1Lmdq0AEexOpvzvmcalzS8MJeQ2_lhXtOCdyu7C9cj5c4YHPPTZ6aKaAfXHsmjJmlPAKw7OVKRyPV2ril4eYgC6UgKX_fpR9QNkgLHVuGV0313E2h8fvhFAWf8txxw7bWPxGAhrIULJPo.znwCQe9ekggQ58Q9LbrzipTX9LL0rFcxkpOzr1Ob2DA%26dib_tag%3Dse%26keywords%3Dsmart%2Bphones%26qid%3D1773974443%26sprefix%3Dsmart%2Bphone%252Caps%252C397%26sr%3D8-11-spons%26aref%3D2icvVWU709%26sp_csd%3Dd2lkZ2V0TmFtZT1zcF9tdGY%26psc%3D1&aref=2icvVWU709&sp_cr=ZAZ			Price, product page		₹1,39,999	₹	1,39,999	M.R.P: ₹1,69,999		₹1,69,999	(18% off)	Save extra with No Cost EMI	Save extra with No Cost EMI	FREE delivery	Mon, 23 Mar					Add to cart			
	M.R.P:	https://www.amazon.in/sspa/click?ie=UTF8&spc=MToxODk2MTkyMDYxOTc1NDg2OjE3NzM5NzQ0NDM6c3BfbXRmOjMwMDk4ODY2NjYzMzAzMjo6MDo6&url=%2FXIAOMI-Snapdragon-CrystalRes-HyperCharge-3500nits%2Fdp%2FB0GMQWN8NR%2Fref%3Dsr_1_12_sspa%3Fcrid%3D1T9UVX5LBL3DZ%26dib%3DeyJ2IjoiMSJ9.a3v4xrKF-RdvbkPHmKrMLU-Oaqabw3M0na681nPvHar9Rc-i7Tzx8i5EP-W81yreKFhv8fbeC0d7um_22nNit1ayZjsHIf1Lmdq0AEexOpvzvmcalzS8MJeQ2_lhXtOCdyu7C9cj5c4YHPPTZ6aKaAfXHsmjJmlPAKw7OVKRyPV2ril4eYgC6UgKX_fpR9QNkgLHVuGV0313E2h8fvhFAWf8txxw7bWPxGAhrIULJPo.znwCQe9ekggQ58Q9LbrzipTX9LL0rFcxkpOzr1Ob2DA%26dib_tag%3Dse%26keywords%3Dsmart%2Bphones%26qid%3D1773974443%26sprefix%3Dsmart%2Bphone%252Caps%252C397%26sr%3D8-12-spons%26aref%3DyClTWnBcgI%26sp_csd%3Dd2lkZ2V0TmFtZT1zcF9tdGY%26psc%3D1&aref=yClTWnBcgI&sp_cr=ZAZ	https://m.media-amazon.com/images/I/71DsWDIYobL._AC_UY218_.jpg	javascript:void(0)	Sponsored	Sponsored	You are seeing this ad based on the product’s relevance to your search query.	https://www.amazon.in/s?k=smart+phones&crid=1T9UVX5LBL3DZ&sprefix=smart+phone%2Caps%2C397&ref=nb_sb_noss_2#	Let us know	https://www.amazon.in/sspa/click?ie=UTF8&spc=MToxODk2MTkyMDYxOTc1NDg2OjE3NzM5NzQ0NDM6c3BfbXRmOjMwMDk4ODY2NjYzMzAzMjo6MDo6&url=%2FXIAOMI-Snapdragon-CrystalRes-HyperCharge-3500nits%2Fdp%2FB0GMQWN8NR%2Fref%3Dsr_1_12_sspa%3Fcrid%3D1T9UVX5LBL3DZ%26dib%3DeyJ2IjoiMSJ9.a3v4xrKF-RdvbkPHmKrMLU-Oaqabw3M0na681nPvHar9Rc-i7Tzx8i5EP-W81yreKFhv8fbeC0d7um_22nNit1ayZjsHIf1Lmdq0AEexOpvzvmcalzS8MJeQ2_lhXtOCdyu7C9cj5c4YHPPTZ6aKaAfXHsmjJmlPAKw7OVKRyPV2ril4eYgC6UgKX_fpR9QNkgLHVuGV0313E2h8fvhFAWf8txxw7bWPxGAhrIULJPo.znwCQe9ekggQ58Q9LbrzipTX9LL0rFcxkpOzr1Ob2DA%26dib_tag%3Dse%26keywords%3Dsmart%2Bphones%26qid%3D1773974443%26sprefix%3Dsmart%2Bphone%252Caps%252C397%26sr%3D8-12-spons%26aref%3DyClTWnBcgI%26sp_csd%3Dd2lkZ2V0TmFtZT1zcF9tdGY%26psc%3D1&aref=yClTWnBcgI&sp_cr=ZAZ	"XIAOMI 17 (12GB/512GB)|50MP Leica Triple Camera|Snapdragon 8 Elite Gen 5|6.3"" CrystalRes 1-120Hz AMOLED|6330mAh Battery|100W HyperCharge HyperOS 3|3500nits Display| Ice Blue Edition"			https://www.amazon.in/deals			Price, product page	https://www.amazon.in/sspa/click?ie=UTF8&spc=MToxODk2MTkyMDYxOTc1NDg2OjE3NzM5NzQ0NDM6c3BfbXRmOjMwMDk4ODY2NjYzMzAzMjo6MDo6&url=%2FXIAOMI-Snapdragon-CrystalRes-HyperCharge-3500nits%2Fdp%2FB0GMQWN8NR%2Fref%3Dsr_1_12_sspa%3Fcrid%3D1T9UVX5LBL3DZ%26dib%3DeyJ2IjoiMSJ9.a3v4xrKF-RdvbkPHmKrMLU-Oaqabw3M0na681nPvHar9Rc-i7Tzx8i5EP-W81yreKFhv8fbeC0d7um_22nNit1ayZjsHIf1Lmdq0AEexOpvzvmcalzS8MJeQ2_lhXtOCdyu7C9cj5c4YHPPTZ6aKaAfXHsmjJmlPAKw7OVKRyPV2ril4eYgC6UgKX_fpR9QNkgLHVuGV0313E2h8fvhFAWf8txxw7bWPxGAhrIULJPo.znwCQe9ekggQ58Q9LbrzipTX9LL0rFcxkpOzr1Ob2DA%26dib_tag%3Dse%26keywords%3Dsmart%2Bphones%26qid%3D1773974443%26sprefix%3Dsmart%2Bphone%252Caps%252C397%26sr%3D8-12-spons%26aref%3DyClTWnBcgI%26sp_csd%3Dd2lkZ2V0TmFtZT1zcF9tdGY%26psc%3D1&aref=yClTWnBcgI&sp_cr=ZAZ	₹89,999	₹	89,999	M.R.P: ₹1,19,999		₹1,19,999	(25% off)	Save extra with No Cost EMI	Save extra with No Cost EMI	FREE delivery	Mon, 23 Mar					Add to cart			
	4.0	https://www.amazon.in/Redmi-Storage-Segment-Largest-Charging/dp/B0DLW1L5PR/ref=sr_1_13?crid=1T9UVX5LBL3DZ&dib=eyJ2IjoiMSJ9.a3v4xrKF-RdvbkPHmKrMLU-Oaqabw3M0na681nPvHar9Rc-i7Tzx8i5EP-W81yreKFhv8fbeC0d7um_22nNit1ayZjsHIf1Lmdq0AEexOpvzvmcalzS8MJeQ2_lhXtOCdyu7C9cj5c4YHPPTZ6aKaAfXHsmjJmlPAKw7OVKRyPV2ril4eYgC6UgKX_fpR9QNkgLHVuGV0313E2h8fvhFAWf8txxw7bWPxGAhrIULJPo.znwCQe9ekggQ58Q9LbrzipTX9LL0rFcxkpOzr1Ob2DA&dib_tag=se&keywords=smart+phones&qid=1773974443&sprefix=smart+phone%2Caps%2C397&sr=8-13	https://m.media-amazon.com/images/I/718HzJbvY1L._AC_UY218_.jpg					https://www.amazon.in/Redmi-Storage-Segment-Largest-Charging/dp/B0DLW1L5PR/ref=sr_1_13?crid=1T9UVX5LBL3DZ&dib=eyJ2IjoiMSJ9.a3v4xrKF-RdvbkPHmKrMLU-Oaqabw3M0na681nPvHar9Rc-i7Tzx8i5EP-W81yreKFhv8fbeC0d7um_22nNit1ayZjsHIf1Lmdq0AEexOpvzvmcalzS8MJeQ2_lhXtOCdyu7C9cj5c4YHPPTZ6aKaAfXHsmjJmlPAKw7OVKRyPV2ril4eYgC6UgKX_fpR9QNkgLHVuGV0313E2h8fvhFAWf8txxw7bWPxGAhrIULJPo.znwCQe9ekggQ58Q9LbrzipTX9LL0rFcxkpOzr1Ob2DA&dib_tag=se&keywords=smart+phones&qid=1773974443&sprefix=smart+phone%2Caps%2C397&sr=8-13	+1 other color/pattern	https://www.amazon.in/Redmi-Storage-Segment-Largest-Charging/dp/B0DLW1L5PR/ref=sr_1_13?crid=1T9UVX5LBL3DZ&dib=eyJ2IjoiMSJ9.a3v4xrKF-RdvbkPHmKrMLU-Oaqabw3M0na681nPvHar9Rc-i7Tzx8i5EP-W81yreKFhv8fbeC0d7um_22nNit1ayZjsHIf1Lmdq0AEexOpvzvmcalzS8MJeQ2_lhXtOCdyu7C9cj5c4YHPPTZ6aKaAfXHsmjJmlPAKw7OVKRyPV2ril4eYgC6UgKX_fpR9QNkgLHVuGV0313E2h8fvhFAWf8txxw7bWPxGAhrIULJPo.znwCQe9ekggQ58Q9LbrzipTX9LL0rFcxkpOzr1Ob2DA&dib_tag=se&keywords=smart+phones&qid=1773974443&sprefix=smart+phone%2Caps%2C397&sr=8-13#customerReviews	Redmi A4 5G (Starry Black, 4GB RAM, 64GB Storage) | Segment Largest 6.88in 120Hz | 50MP Dual Camera | 18W Fast Charging | Charger in the Box	javascript:void(0)	4.0 out of 5 stars	https://www.amazon.in/Redmi-Storage-Segment-Largest-Charging/dp/B0DLW1L5PR/ref=sr_1_13?crid=1T9UVX5LBL3DZ&dib=eyJ2IjoiMSJ9.a3v4xrKF-RdvbkPHmKrMLU-Oaqabw3M0na681nPvHar9Rc-i7Tzx8i5EP-W81yreKFhv8fbeC0d7um_22nNit1ayZjsHIf1Lmdq0AEexOpvzvmcalzS8MJeQ2_lhXtOCdyu7C9cj5c4YHPPTZ6aKaAfXHsmjJmlPAKw7OVKRyPV2ril4eYgC6UgKX_fpR9QNkgLHVuGV0313E2h8fvhFAWf8txxw7bWPxGAhrIULJPo.znwCQe9ekggQ58Q9LbrzipTX9LL0rFcxkpOzr1Ob2DA&dib_tag=se&keywords=smart+phones&qid=1773974443&sprefix=smart+phone%2Caps%2C397&sr=8-13	(12.9K)	2K+ bought in past month	Price, product page	https://www.amazon.in/Redmi-Storage-Segment-Largest-Charging/dp/B0DLW1L5PR/ref=cs_sr_dp_loc?crid=1T9UVX5LBL3DZ&dib=eyJ2IjoiMSJ9.a3v4xrKF-RdvbkPHmKrMLU-Oaqabw3M0na681nPvHar9Rc-i7Tzx8i5EP-W81yreKFhv8fbeC0d7um_22nNit1ayZjsHIf1Lmdq0AEexOpvzvmcalzS8MJeQ2_lhXtOCdyu7C9cj5c4YHPPTZ6aKaAfXHsmjJmlPAKw7OVKRyPV2ril4eYgC6UgKX_fpR9QNkgLHVuGV0313E2h8fvhFAWf8txxw7bWPxGAhrIULJPo.znwCQe9ekggQ58Q9LbrzipTX9LL0rFcxkpOzr1Ob2DA&dib_tag=se&keywords=smart+phones&qid=1773974443&sprefix=smart+phone%2Caps%2C397&sr=8-13	₹10,999	₹	10,999					Up to 5% back with Amazon Pay ICICI card	Up to 5% back with Amazon Pay ICIC...	FREE delivery	Tue, 24 Mar	Or  get FREE delivery	.prime-brand-color {color: #0064f9; }	Prime members	Today 12 pm - 4 pm	Add to cart			
	4.0	https://www.amazon.in/Lava-Bold-N1-Pro-Stealth/dp/B0F1Z259NF/ref=sr_1_14?crid=1T9UVX5LBL3DZ&dib=eyJ2IjoiMSJ9.a3v4xrKF-RdvbkPHmKrMLU-Oaqabw3M0na681nPvHar9Rc-i7Tzx8i5EP-W81yreKFhv8fbeC0d7um_22nNit1ayZjsHIf1Lmdq0AEexOpvzvmcalzS8MJeQ2_lhXtOCdyu7C9cj5c4YHPPTZ6aKaAfXHsmjJmlPAKw7OVKRyPV2ril4eYgC6UgKX_fpR9QNkgLHVuGV0313E2h8fvhFAWf8txxw7bWPxGAhrIULJPo.znwCQe9ekggQ58Q9LbrzipTX9LL0rFcxkpOzr1Ob2DA&dib_tag=se&keywords=smart+phones&qid=1773974443&sprefix=smart+phone%2Caps%2C397&sr=8-14	https://m.media-amazon.com/images/I/71LIzk0Uj8L._AC_UY218_.jpg					https://www.amazon.in/Lava-Bold-N1-Pro-Stealth/dp/B0F1Z259NF/ref=sr_1_14?crid=1T9UVX5LBL3DZ&dib=eyJ2IjoiMSJ9.a3v4xrKF-RdvbkPHmKrMLU-Oaqabw3M0na681nPvHar9Rc-i7Tzx8i5EP-W81yreKFhv8fbeC0d7um_22nNit1ayZjsHIf1Lmdq0AEexOpvzvmcalzS8MJeQ2_lhXtOCdyu7C9cj5c4YHPPTZ6aKaAfXHsmjJmlPAKw7OVKRyPV2ril4eYgC6UgKX_fpR9QNkgLHVuGV0313E2h8fvhFAWf8txxw7bWPxGAhrIULJPo.znwCQe9ekggQ58Q9LbrzipTX9LL0rFcxkpOzr1Ob2DA&dib_tag=se&keywords=smart+phones&qid=1773974443&sprefix=smart+phone%2Caps%2C397&sr=8-14		https://www.amazon.in/Lava-Bold-N1-Pro-Stealth/dp/B0F1Z259NF/ref=sr_1_14?crid=1T9UVX5LBL3DZ&dib=eyJ2IjoiMSJ9.a3v4xrKF-RdvbkPHmKrMLU-Oaqabw3M0na681nPvHar9Rc-i7Tzx8i5EP-W81yreKFhv8fbeC0d7um_22nNit1ayZjsHIf1Lmdq0AEexOpvzvmcalzS8MJeQ2_lhXtOCdyu7C9cj5c4YHPPTZ6aKaAfXHsmjJmlPAKw7OVKRyPV2ril4eYgC6UgKX_fpR9QNkgLHVuGV0313E2h8fvhFAWf8txxw7bWPxGAhrIULJPo.znwCQe9ekggQ58Q9LbrzipTX9LL0rFcxkpOzr1Ob2DA&dib_tag=se&keywords=smart+phones&qid=1773974443&sprefix=smart+phone%2Caps%2C397&sr=8-14#customerReviews	"Lava Bold N1 Pro (Stealth Black, 4 GB RAM, 128 GB Storage)| Bigger 6.67"" HD+ IP54 Display | 120 Hz Refresh Rate | 50 MP AI Triple Rear Camera | 8 MP Front Camera| 5000 mAh Battery| Charger in Box"	javascript:void(0)	4.0 out of 5 stars	https://www.amazon.in/Lava-Bold-N1-Pro-Stealth/dp/B0F1Z259NF/ref=sr_1_14?crid=1T9UVX5LBL3DZ&dib=eyJ2IjoiMSJ9.a3v4xrKF-RdvbkPHmKrMLU-Oaqabw3M0na681nPvHar9Rc-i7Tzx8i5EP-W81yreKFhv8fbeC0d7um_22nNit1ayZjsHIf1Lmdq0AEexOpvzvmcalzS8MJeQ2_lhXtOCdyu7C9cj5c4YHPPTZ6aKaAfXHsmjJmlPAKw7OVKRyPV2ril4eYgC6UgKX_fpR9QNkgLHVuGV0313E2h8fvhFAWf8txxw7bWPxGAhrIULJPo.znwCQe9ekggQ58Q9LbrzipTX9LL0rFcxkpOzr1Ob2DA&dib_tag=se&keywords=smart+phones&qid=1773974443&sprefix=smart+phone%2Caps%2C397&sr=8-14	(1.8K)	1K+ bought in past month	Price, product page		₹8,499	₹	8,499					Up to 5% back with Amazon Pay ICICI card	Up to 5% back with Amazon Pay ICIC...	FREE delivery	Tue, 24 Mar					Add to cart			
	4.1	https://www.amazon.in/Glacier-Snapdragon-Segments-Slimmest-Charging/dp/B0G5G7LNCV/ref=sr_1_15?crid=1T9UVX5LBL3DZ&dib=eyJ2IjoiMSJ9.a3v4xrKF-RdvbkPHmKrMLU-Oaqabw3M0na681nPvHar9Rc-i7Tzx8i5EP-W81yreKFhv8fbeC0d7um_22nNit1ayZjsHIf1Lmdq0AEexOpvzvmcalzS8MJeQ2_lhXtOCdyu7C9cj5c4YHPPTZ6aKaAfXHsmjJmlPAKw7OVKRyPV2ril4eYgC6UgKX_fpR9QNkgLHVuGV0313E2h8fvhFAWf8txxw7bWPxGAhrIULJPo.znwCQe9ekggQ58Q9LbrzipTX9LL0rFcxkpOzr1Ob2DA&dib_tag=se&keywords=smart+phones&qid=1773974443&sprefix=smart+phone%2Caps%2C397&sr=8-15	https://m.media-amazon.com/images/I/81SxS-bDvVL._AC_UY218_.jpg					https://www.amazon.in/Glacier-Snapdragon-Segments-Slimmest-Charging/dp/B0G5G7LNCV/ref=sr_1_15?crid=1T9UVX5LBL3DZ&dib=eyJ2IjoiMSJ9.a3v4xrKF-RdvbkPHmKrMLU-Oaqabw3M0na681nPvHar9Rc-i7Tzx8i5EP-W81yreKFhv8fbeC0d7um_22nNit1ayZjsHIf1Lmdq0AEexOpvzvmcalzS8MJeQ2_lhXtOCdyu7C9cj5c4YHPPTZ6aKaAfXHsmjJmlPAKw7OVKRyPV2ril4eYgC6UgKX_fpR9QNkgLHVuGV0313E2h8fvhFAWf8txxw7bWPxGAhrIULJPo.znwCQe9ekggQ58Q9LbrzipTX9LL0rFcxkpOzr1Ob2DA&dib_tag=se&keywords=smart+phones&qid=1773974443&sprefix=smart+phone%2Caps%2C397&sr=8-15		https://www.amazon.in/Glacier-Snapdragon-Segments-Slimmest-Charging/dp/B0G5G7LNCV/ref=sr_1_15?crid=1T9UVX5LBL3DZ&dib=eyJ2IjoiMSJ9.a3v4xrKF-RdvbkPHmKrMLU-Oaqabw3M0na681nPvHar9Rc-i7Tzx8i5EP-W81yreKFhv8fbeC0d7um_22nNit1ayZjsHIf1Lmdq0AEexOpvzvmcalzS8MJeQ2_lhXtOCdyu7C9cj5c4YHPPTZ6aKaAfXHsmjJmlPAKw7OVKRyPV2ril4eYgC6UgKX_fpR9QNkgLHVuGV0313E2h8fvhFAWf8txxw7bWPxGAhrIULJPo.znwCQe9ekggQ58Q9LbrzipTX9LL0rFcxkpOzr1Ob2DA&dib_tag=se&keywords=smart+phones&qid=1773974443&sprefix=smart+phone%2Caps%2C397&sr=8-15#customerReviews	REDMI Note 15 5G (Glacier Blue, 8GB RAM 256GB Storage) | 108MP OIS Camera | Snapdragon 6 Gen 3 | 17.2cm Tough Curved AMOLED Screen | Segment’s Slimmest Phone | 5520mAh Si/C Battery | 45W Fast Charging	javascript:void(0)	4.1 out of 5 stars	https://www.amazon.in/deals	(428)	500+ bought in past month	Price, product page	https://www.amazon.in/Glacier-Snapdragon-Segments-Slimmest-Charging/dp/B0G5G7LNCV/ref=sr_1_15?crid=1T9UVX5LBL3DZ&dib=eyJ2IjoiMSJ9.a3v4xrKF-RdvbkPHmKrMLU-Oaqabw3M0na681nPvHar9Rc-i7Tzx8i5EP-W81yreKFhv8fbeC0d7um_22nNit1ayZjsHIf1Lmdq0AEexOpvzvmcalzS8MJeQ2_lhXtOCdyu7C9cj5c4YHPPTZ6aKaAfXHsmjJmlPAKw7OVKRyPV2ril4eYgC6UgKX_fpR9QNkgLHVuGV0313E2h8fvhFAWf8txxw7bWPxGAhrIULJPo.znwCQe9ekggQ58Q9LbrzipTX9LL0rFcxkpOzr1Ob2DA&dib_tag=se&keywords=smart+phones&qid=1773974443&sprefix=smart+phone%2Caps%2C397&sr=8-15	₹24,998	₹	24,998	M.R.P: ₹28,999	M.R.P:	₹28,999	(14% off)	Save extra with No Cost EMI	Save extra with No Cost EMI	FREE delivery	Mon, 23 Mar	Or  get FREE delivery	.prime-brand-color {color: #0064f9; }	Prime members	Today 12 pm - 4 pm	Add to cart	https://www.amazon.in/Glacier-Snapdragon-Segments-Slimmest-Charging/dp/B0G5G7LNCV/ref=cs_sr_dp_loc_1?crid=1T9UVX5LBL3DZ&dib=eyJ2IjoiMSJ9.a3v4xrKF-RdvbkPHmKrMLU-Oaqabw3M0na681nPvHar9Rc-i7Tzx8i5EP-W81yreKFhv8fbeC0d7um_22nNit1ayZjsHIf1Lmdq0AEexOpvzvmcalzS8MJeQ2_lhXtOCdyu7C9cj5c4YHPPTZ6aKaAfXHsmjJmlPAKw7OVKRyPV2ril4eYgC6UgKX_fpR9QNkgLHVuGV0313E2h8fvhFAWf8txxw7bWPxGAhrIULJPo.znwCQe9ekggQ58Q9LbrzipTX9LL0rFcxkpOzr1Ob2DA&dib_tag=se&keywords=smart+phones&qid=1773974443&sprefix=smart+phone%2Caps%2C397&sr=8-15	https://www.amazon.in/Glacier-Snapdragon-Segments-Slimmest-Charging/dp/B0G5G25YBQ/ref=cs_sr_dp_loc_2?crid=1T9UVX5LBL3DZ&dib=eyJ2IjoiMSJ9.a3v4xrKF-RdvbkPHmKrMLU-Oaqabw3M0na681nPvHar9Rc-i7Tzx8i5EP-W81yreKFhv8fbeC0d7um_22nNit1ayZjsHIf1Lmdq0AEexOpvzvmcalzS8MJeQ2_lhXtOCdyu7C9cj5c4YHPPTZ6aKaAfXHsmjJmlPAKw7OVKRyPV2ril4eYgC6UgKX_fpR9QNkgLHVuGV0313E2h8fvhFAWf8txxw7bWPxGAhrIULJPo.znwCQe9ekggQ58Q9LbrzipTX9LL0rFcxkpOzr1Ob2DA&dib_tag=se&keywords=smart+phones&qid=1773974443&sprefix=smart+phone%2Caps%2C397&sr=8-15	https://www.amazon.in/Glacier-Snapdragon-Segments-Slimmest-Charging/dp/B0G5G2KMQN/ref=cs_sr_dp_loc_3?crid=1T9UVX5LBL3DZ&dib=eyJ2IjoiMSJ9.a3v4xrKF-RdvbkPHmKrMLU-Oaqabw3M0na681nPvHar9Rc-i7Tzx8i5EP-W81yreKFhv8fbeC0d7um_22nNit1ayZjsHIf1Lmdq0AEexOpvzvmcalzS8MJeQ2_lhXtOCdyu7C9cj5c4YHPPTZ6aKaAfXHsmjJmlPAKw7OVKRyPV2ril4eYgC6UgKX_fpR9QNkgLHVuGV0313E2h8fvhFAWf8txxw7bWPxGAhrIULJPo.znwCQe9ekggQ58Q9LbrzipTX9LL0rFcxkpOzr1Ob2DA&dib_tag=se&keywords=smart+phones&qid=1773974443&sprefix=smart+phone%2Caps%2C397&sr=8-15
	4.4	https://www.amazon.in/OnePlus-Massive-MediaTek-Dimensity-Infinity/dp/B0FCMLCX46/ref=sr_1_16?crid=1T9UVX5LBL3DZ&dib=eyJ2IjoiMSJ9.a3v4xrKF-RdvbkPHmKrMLU-Oaqabw3M0na681nPvHar9Rc-i7Tzx8i5EP-W81yreKFhv8fbeC0d7um_22nNit1ayZjsHIf1Lmdq0AEexOpvzvmcalzS8MJeQ2_lhXtOCdyu7C9cj5c4YHPPTZ6aKaAfXHsmjJmlPAKw7OVKRyPV2ril4eYgC6UgKX_fpR9QNkgLHVuGV0313E2h8fvhFAWf8txxw7bWPxGAhrIULJPo.znwCQe9ekggQ58Q9LbrzipTX9LL0rFcxkpOzr1Ob2DA&dib_tag=se&keywords=smart+phones&qid=1773974443&sprefix=smart+phone%2Caps%2C397&sr=8-16	https://m.media-amazon.com/images/I/61IOa9IrlaL._AC_UY218_.jpg					https://www.amazon.in/OnePlus-Massive-MediaTek-Dimensity-Infinity/dp/B0FCMLCX46/ref=sr_1_16?crid=1T9UVX5LBL3DZ&dib=eyJ2IjoiMSJ9.a3v4xrKF-RdvbkPHmKrMLU-Oaqabw3M0na681nPvHar9Rc-i7Tzx8i5EP-W81yreKFhv8fbeC0d7um_22nNit1ayZjsHIf1Lmdq0AEexOpvzvmcalzS8MJeQ2_lhXtOCdyu7C9cj5c4YHPPTZ6aKaAfXHsmjJmlPAKw7OVKRyPV2ril4eYgC6UgKX_fpR9QNkgLHVuGV0313E2h8fvhFAWf8txxw7bWPxGAhrIULJPo.znwCQe9ekggQ58Q9LbrzipTX9LL0rFcxkpOzr1Ob2DA&dib_tag=se&keywords=smart+phones&qid=1773974443&sprefix=smart+phone%2Caps%2C397&sr=8-16		https://www.amazon.in/OnePlus-Massive-MediaTek-Dimensity-Infinity/dp/B0FCMLCX46/ref=sr_1_16?crid=1T9UVX5LBL3DZ&dib=eyJ2IjoiMSJ9.a3v4xrKF-RdvbkPHmKrMLU-Oaqabw3M0na681nPvHar9Rc-i7Tzx8i5EP-W81yreKFhv8fbeC0d7um_22nNit1ayZjsHIf1Lmdq0AEexOpvzvmcalzS8MJeQ2_lhXtOCdyu7C9cj5c4YHPPTZ6aKaAfXHsmjJmlPAKw7OVKRyPV2ril4eYgC6UgKX_fpR9QNkgLHVuGV0313E2h8fvhFAWf8txxw7bWPxGAhrIULJPo.znwCQe9ekggQ58Q9LbrzipTX9LL0rFcxkpOzr1Ob2DA&dib_tag=se&keywords=smart+phones&qid=1773974443&sprefix=smart+phone%2Caps%2C397&sr=8-16#customerReviews	OnePlus Nord CE5 | MediaTek Dimensity | Massive 7100mAh Battery | Powered by OnePlus AI | 128GB 8GB | Black Infinity	javascript:void(0)	4.4 out of 5 stars	https://www.amazon.in/OnePlus-Massive-MediaTek-Dimensity-Infinity/dp/B0FCMLCX46/ref=sr_1_16?crid=1T9UVX5LBL3DZ&dib=eyJ2IjoiMSJ9.a3v4xrKF-RdvbkPHmKrMLU-Oaqabw3M0na681nPvHar9Rc-i7Tzx8i5EP-W81yreKFhv8fbeC0d7um_22nNit1ayZjsHIf1Lmdq0AEexOpvzvmcalzS8MJeQ2_lhXtOCdyu7C9cj5c4YHPPTZ6aKaAfXHsmjJmlPAKw7OVKRyPV2ril4eYgC6UgKX_fpR9QNkgLHVuGV0313E2h8fvhFAWf8txxw7bWPxGAhrIULJPo.znwCQe9ekggQ58Q9LbrzipTX9LL0rFcxkpOzr1Ob2DA&dib_tag=se&keywords=smart+phones&qid=1773974443&sprefix=smart+phone%2Caps%2C397&sr=8-16	(5K)	5K+ bought in past month	Price, product page	https://www.amazon.in/OnePlus-Massive-MediaTek-Dimensity-Infinity/dp/B0FCMLCX46/ref=cs_sr_dp_loc_1?crid=1T9UVX5LBL3DZ&dib=eyJ2IjoiMSJ9.a3v4xrKF-RdvbkPHmKrMLU-Oaqabw3M0na681nPvHar9Rc-i7Tzx8i5EP-W81yreKFhv8fbeC0d7um_22nNit1ayZjsHIf1Lmdq0AEexOpvzvmcalzS8MJeQ2_lhXtOCdyu7C9cj5c4YHPPTZ6aKaAfXHsmjJmlPAKw7OVKRyPV2ril4eYgC6UgKX_fpR9QNkgLHVuGV0313E2h8fvhFAWf8txxw7bWPxGAhrIULJPo.znwCQe9ekggQ58Q9LbrzipTX9LL0rFcxkpOzr1Ob2DA&dib_tag=se&keywords=smart+phones&qid=1773974443&sprefix=smart+phone%2Caps%2C397&sr=8-16	₹24,996	₹	24,996	M.R.P: ₹28,999	M.R.P:	₹28,999	(14% off)	Save extra with No Cost EMI	Save extra with No Cost EMI	FREE delivery	Mon, 23 Mar	Or  get FREE delivery	.prime-brand-color {color: #0064f9; }	Prime members	Today 12 pm - 4 pm	Add to cart	https://www.amazon.in/OnePlus-Massive-MediaTek-Dimensity-Infinity/dp/B0FCMJT7R7/ref=cs_sr_dp_loc_2?crid=1T9UVX5LBL3DZ&dib=eyJ2IjoiMSJ9.a3v4xrKF-RdvbkPHmKrMLU-Oaqabw3M0na681nPvHar9Rc-i7Tzx8i5EP-W81yreKFhv8fbeC0d7um_22nNit1ayZjsHIf1Lmdq0AEexOpvzvmcalzS8MJeQ2_lhXtOCdyu7C9cj5c4YHPPTZ6aKaAfXHsmjJmlPAKw7OVKRyPV2ril4eYgC6UgKX_fpR9QNkgLHVuGV0313E2h8fvhFAWf8txxw7bWPxGAhrIULJPo.znwCQe9ekggQ58Q9LbrzipTX9LL0rFcxkpOzr1Ob2DA&dib_tag=se&keywords=smart+phones&qid=1773974443&sprefix=smart+phone%2Caps%2C397&sr=8-16	https://www.amazon.in/OnePlus-Massive-MediaTek-Dimensity-Infinity/dp/B0FC6XHHSV/ref=cs_sr_dp_loc_3?crid=1T9UVX5LBL3DZ&dib=eyJ2IjoiMSJ9.a3v4xrKF-RdvbkPHmKrMLU-Oaqabw3M0na681nPvHar9Rc-i7Tzx8i5EP-W81yreKFhv8fbeC0d7um_22nNit1ayZjsHIf1Lmdq0AEexOpvzvmcalzS8MJeQ2_lhXtOCdyu7C9cj5c4YHPPTZ6aKaAfXHsmjJmlPAKw7OVKRyPV2ril4eYgC6UgKX_fpR9QNkgLHVuGV0313E2h8fvhFAWf8txxw7bWPxGAhrIULJPo.znwCQe9ekggQ58Q9LbrzipTX9LL0rFcxkpOzr1Ob2DA&dib_tag=se&keywords=smart+phones&qid=1773974443&sprefix=smart+phone%2Caps%2C397&sr=8-16	
	4.1	https://www.amazon.in/realme-Smartphone-Obsidian-Comfort-Octa-core/dp/B0FJXY7KDW/ref=sr_1_17?crid=1T9UVX5LBL3DZ&dib=eyJ2IjoiMSJ9.a3v4xrKF-RdvbkPHmKrMLU-Oaqabw3M0na681nPvHar9Rc-i7Tzx8i5EP-W81yreKFhv8fbeC0d7um_22nNit1ayZjsHIf1Lmdq0AEexOpvzvmcalzS8MJeQ2_lhXtOCdyu7C9cj5c4YHPPTZ6aKaAfXHsmjJmlPAKw7OVKRyPV2ril4eYgC6UgKX_fpR9QNkgLHVuGV0313E2h8fvhFAWf8txxw7bWPxGAhrIULJPo.znwCQe9ekggQ58Q9LbrzipTX9LL0rFcxkpOzr1Ob2DA&dib_tag=se&keywords=smart+phones&qid=1773974443&sprefix=smart+phone%2Caps%2C397&sr=8-17	https://m.media-amazon.com/images/I/61JZr5lcZaL._AC_UY218_.jpg					https://www.amazon.in/realme-Smartphone-Obsidian-Comfort-Octa-core/dp/B0FJXY7KDW/ref=sr_1_17?crid=1T9UVX5LBL3DZ&dib=eyJ2IjoiMSJ9.a3v4xrKF-RdvbkPHmKrMLU-Oaqabw3M0na681nPvHar9Rc-i7Tzx8i5EP-W81yreKFhv8fbeC0d7um_22nNit1ayZjsHIf1Lmdq0AEexOpvzvmcalzS8MJeQ2_lhXtOCdyu7C9cj5c4YHPPTZ6aKaAfXHsmjJmlPAKw7OVKRyPV2ril4eYgC6UgKX_fpR9QNkgLHVuGV0313E2h8fvhFAWf8txxw7bWPxGAhrIULJPo.znwCQe9ekggQ58Q9LbrzipTX9LL0rFcxkpOzr1Ob2DA&dib_tag=se&keywords=smart+phones&qid=1773974443&sprefix=smart+phone%2Caps%2C397&sr=8-17		https://www.amazon.in/realme-Smartphone-Obsidian-Comfort-Octa-core/dp/B0FJXY7KDW/ref=sr_1_17?crid=1T9UVX5LBL3DZ&dib=eyJ2IjoiMSJ9.a3v4xrKF-RdvbkPHmKrMLU-Oaqabw3M0na681nPvHar9Rc-i7Tzx8i5EP-W81yreKFhv8fbeC0d7um_22nNit1ayZjsHIf1Lmdq0AEexOpvzvmcalzS8MJeQ2_lhXtOCdyu7C9cj5c4YHPPTZ6aKaAfXHsmjJmlPAKw7OVKRyPV2ril4eYgC6UgKX_fpR9QNkgLHVuGV0313E2h8fvhFAWf8txxw7bWPxGAhrIULJPo.znwCQe9ekggQ58Q9LbrzipTX9LL0rFcxkpOzr1Ob2DA&dib_tag=se&keywords=smart+phones&qid=1773974443&sprefix=smart+phone%2Caps%2C397&sr=8-17#customerReviews	realme C71 4G Smartphone 6GB+128GB Obsidian Black,6.75 inch Screen, 90Hz Eye Comfort Display, 6300mAh Battery, 37MP Cameras, Octa-core Chipset, IP54	javascript:void(0)	4.1 out of 5 stars	https://www.amazon.in/realme-Smartphone-Obsidian-Comfort-Octa-core/dp/B0FJXY7KDW/ref=sr_1_17?crid=1T9UVX5LBL3DZ&dib=eyJ2IjoiMSJ9.a3v4xrKF-RdvbkPHmKrMLU-Oaqabw3M0na681nPvHar9Rc-i7Tzx8i5EP-W81yreKFhv8fbeC0d7um_22nNit1ayZjsHIf1Lmdq0AEexOpvzvmcalzS8MJeQ2_lhXtOCdyu7C9cj5c4YHPPTZ6aKaAfXHsmjJmlPAKw7OVKRyPV2ril4eYgC6UgKX_fpR9QNkgLHVuGV0313E2h8fvhFAWf8txxw7bWPxGAhrIULJPo.znwCQe9ekggQ58Q9LbrzipTX9LL0rFcxkpOzr1Ob2DA&dib_tag=se&keywords=smart+phones&qid=1773974443&sprefix=smart+phone%2Caps%2C397&sr=8-17	(3.4K)		Price, product page	https://www.amazon.in/realme-Smartphone-Obsidian-Comfort-Octa-core/dp/B0FJXY7KDW/ref=cs_sr_dp_loc_1?crid=1T9UVX5LBL3DZ&dib=eyJ2IjoiMSJ9.a3v4xrKF-RdvbkPHmKrMLU-Oaqabw3M0na681nPvHar9Rc-i7Tzx8i5EP-W81yreKFhv8fbeC0d7um_22nNit1ayZjsHIf1Lmdq0AEexOpvzvmcalzS8MJeQ2_lhXtOCdyu7C9cj5c4YHPPTZ6aKaAfXHsmjJmlPAKw7OVKRyPV2ril4eYgC6UgKX_fpR9QNkgLHVuGV0313E2h8fvhFAWf8txxw7bWPxGAhrIULJPo.znwCQe9ekggQ58Q9LbrzipTX9LL0rFcxkpOzr1Ob2DA&dib_tag=se&keywords=smart+phones&qid=1773974443&sprefix=smart+phone%2Caps%2C397&sr=8-17	₹10,999	₹	10,999					Up to 5% back with Amazon Pay ICICI card	Up to 5% back with Amazon Pay ICIC...	FREE delivery	Mon, 23 Mar					Add to cart	https://www.amazon.in/realme-Smartphone-Obsidian-Comfort-Octa-core/dp/B0FHPR6K18/ref=cs_sr_dp_loc_2?crid=1T9UVX5LBL3DZ&dib=eyJ2IjoiMSJ9.a3v4xrKF-RdvbkPHmKrMLU-Oaqabw3M0na681nPvHar9Rc-i7Tzx8i5EP-W81yreKFhv8fbeC0d7um_22nNit1ayZjsHIf1Lmdq0AEexOpvzvmcalzS8MJeQ2_lhXtOCdyu7C9cj5c4YHPPTZ6aKaAfXHsmjJmlPAKw7OVKRyPV2ril4eYgC6UgKX_fpR9QNkgLHVuGV0313E2h8fvhFAWf8txxw7bWPxGAhrIULJPo.znwCQe9ekggQ58Q9LbrzipTX9LL0rFcxkpOzr1Ob2DA&dib_tag=se&keywords=smart+phones&qid=1773974443&sprefix=smart+phone%2Caps%2C397&sr=8-17		
	3.5	https://www.amazon.in/Motorola-Pantone-Corsair-Battery-Processor/dp/B0GK1928KV/ref=sr_1_18?crid=1T9UVX5LBL3DZ&dib=eyJ2IjoiMSJ9.a3v4xrKF-RdvbkPHmKrMLU-Oaqabw3M0na681nPvHar9Rc-i7Tzx8i5EP-W81yreKFhv8fbeC0d7um_22nNit1ayZjsHIf1Lmdq0AEexOpvzvmcalzS8MJeQ2_lhXtOCdyu7C9cj5c4YHPPTZ6aKaAfXHsmjJmlPAKw7OVKRyPV2ril4eYgC6UgKX_fpR9QNkgLHVuGV0313E2h8fvhFAWf8txxw7bWPxGAhrIULJPo.znwCQe9ekggQ58Q9LbrzipTX9LL0rFcxkpOzr1Ob2DA&dib_tag=se&keywords=smart+phones&qid=1773974443&sprefix=smart+phone%2Caps%2C397&sr=8-18	https://m.media-amazon.com/images/I/41kKGEM47iL._AC_UY218_.jpg					https://www.amazon.in/Motorola-Pantone-Corsair-Battery-Processor/dp/B0GK1928KV/ref=sr_1_18?crid=1T9UVX5LBL3DZ&dib=eyJ2IjoiMSJ9.a3v4xrKF-RdvbkPHmKrMLU-Oaqabw3M0na681nPvHar9Rc-i7Tzx8i5EP-W81yreKFhv8fbeC0d7um_22nNit1ayZjsHIf1Lmdq0AEexOpvzvmcalzS8MJeQ2_lhXtOCdyu7C9cj5c4YHPPTZ6aKaAfXHsmjJmlPAKw7OVKRyPV2ril4eYgC6UgKX_fpR9QNkgLHVuGV0313E2h8fvhFAWf8txxw7bWPxGAhrIULJPo.znwCQe9ekggQ58Q9LbrzipTX9LL0rFcxkpOzr1Ob2DA&dib_tag=se&keywords=smart+phones&qid=1773974443&sprefix=smart+phone%2Caps%2C397&sr=8-18	+5	https://www.amazon.in/Motorola-Pantone-Corsair-Battery-Processor/dp/B0GK1928KV/ref=sr_1_18?crid=1T9UVX5LBL3DZ&dib=eyJ2IjoiMSJ9.a3v4xrKF-RdvbkPHmKrMLU-Oaqabw3M0na681nPvHar9Rc-i7Tzx8i5EP-W81yreKFhv8fbeC0d7um_22nNit1ayZjsHIf1Lmdq0AEexOpvzvmcalzS8MJeQ2_lhXtOCdyu7C9cj5c4YHPPTZ6aKaAfXHsmjJmlPAKw7OVKRyPV2ril4eYgC6UgKX_fpR9QNkgLHVuGV0313E2h8fvhFAWf8txxw7bWPxGAhrIULJPo.znwCQe9ekggQ58Q9LbrzipTX9LL0rFcxkpOzr1Ob2DA&dib_tag=se&keywords=smart+phones&qid=1773974443&sprefix=smart+phone%2Caps%2C397&sr=8-18#customerReviews	"Motorola g57 Power 5G (Pantone Corsair, 128 GB) (8 GB RAM) | 7000 mAh Battery | 6s Gen 4 Processor | 6.72"" FHD+ Display | 50MP + 8MP | 8MP Front Camera |"	javascript:void(0)	3.5 out of 5 stars	https://www.amazon.in/Motorola-Pantone-Corsair-Battery-Processor/dp/B0GK1928KV/ref=sr_1_18?crid=1T9UVX5LBL3DZ&dib=eyJ2IjoiMSJ9.a3v4xrKF-RdvbkPHmKrMLU-Oaqabw3M0na681nPvHar9Rc-i7Tzx8i5EP-W81yreKFhv8fbeC0d7um_22nNit1ayZjsHIf1Lmdq0AEexOpvzvmcalzS8MJeQ2_lhXtOCdyu7C9cj5c4YHPPTZ6aKaAfXHsmjJmlPAKw7OVKRyPV2ril4eYgC6UgKX_fpR9QNkgLHVuGV0313E2h8fvhFAWf8txxw7bWPxGAhrIULJPo.znwCQe9ekggQ58Q9LbrzipTX9LL0rFcxkpOzr1Ob2DA&dib_tag=se&keywords=smart+phones&qid=1773974443&sprefix=smart+phone%2Caps%2C397&sr=8-18	(9)	400+ bought in past month	Price, product page	https://www.amazon.in/Motorola-Pantone-Corsair-Battery-Processor/dp/B0GK1928KV/ref=cs_sr_dp_loc_1?crid=1T9UVX5LBL3DZ&dib=eyJ2IjoiMSJ9.a3v4xrKF-RdvbkPHmKrMLU-Oaqabw3M0na681nPvHar9Rc-i7Tzx8i5EP-W81yreKFhv8fbeC0d7um_22nNit1ayZjsHIf1Lmdq0AEexOpvzvmcalzS8MJeQ2_lhXtOCdyu7C9cj5c4YHPPTZ6aKaAfXHsmjJmlPAKw7OVKRyPV2ril4eYgC6UgKX_fpR9QNkgLHVuGV0313E2h8fvhFAWf8txxw7bWPxGAhrIULJPo.znwCQe9ekggQ58Q9LbrzipTX9LL0rFcxkpOzr1Ob2DA&dib_tag=se&keywords=smart+phones&qid=1773974443&sprefix=smart+phone%2Caps%2C397&sr=8-18	₹14,536	₹	14,536	M.R.P: ₹17,999	M.R.P:	₹17,999	(19% off)	Up to 5% back with Amazon Pay ICICI card	Up to 5% back with Amazon Pay ICIC...	FREE delivery	Mon, 23 Mar					Add to cart	https://www.amazon.in/Motorola-Pantone-Corsair-Battery-Processor/dp/B0G2CSWF5D/ref=cs_sr_dp_loc_2?crid=1T9UVX5LBL3DZ&dib=eyJ2IjoiMSJ9.a3v4xrKF-RdvbkPHmKrMLU-Oaqabw3M0na681nPvHar9Rc-i7Tzx8i5EP-W81yreKFhv8fbeC0d7um_22nNit1ayZjsHIf1Lmdq0AEexOpvzvmcalzS8MJeQ2_lhXtOCdyu7C9cj5c4YHPPTZ6aKaAfXHsmjJmlPAKw7OVKRyPV2ril4eYgC6UgKX_fpR9QNkgLHVuGV0313E2h8fvhFAWf8txxw7bWPxGAhrIULJPo.znwCQe9ekggQ58Q9LbrzipTX9LL0rFcxkpOzr1Ob2DA&dib_tag=se&keywords=smart+phones&qid=1773974443&sprefix=smart+phone%2Caps%2C397&sr=8-18	https://www.amazon.in/Motorola-Pantone-Corsair-Battery-Processor/dp/B0CK5XRQT3/ref=cs_sr_dp_loc_3?crid=1T9UVX5LBL3DZ&dib=eyJ2IjoiMSJ9.a3v4xrKF-RdvbkPHmKrMLU-Oaqabw3M0na681nPvHar9Rc-i7Tzx8i5EP-W81yreKFhv8fbeC0d7um_22nNit1ayZjsHIf1Lmdq0AEexOpvzvmcalzS8MJeQ2_lhXtOCdyu7C9cj5c4YHPPTZ6aKaAfXHsmjJmlPAKw7OVKRyPV2ril4eYgC6UgKX_fpR9QNkgLHVuGV0313E2h8fvhFAWf8txxw7bWPxGAhrIULJPo.znwCQe9ekggQ58Q9LbrzipTX9LL0rFcxkpOzr1Ob2DA&dib_tag=se&keywords=smart+phones&qid=1773974443&sprefix=smart+phone%2Caps%2C397&sr=8-18	https://www.amazon.in/Motorola-Pantone-Corsair-Battery-Processor/dp/B0DJ7XT5WN/ref=cs_sr_dp_loc_4?crid=1T9UVX5LBL3DZ&dib=eyJ2IjoiMSJ9.a3v4xrKF-RdvbkPHmKrMLU-Oaqabw3M0na681nPvHar9Rc-i7Tzx8i5EP-W81yreKFhv8fbeC0d7um_22nNit1ayZjsHIf1Lmdq0AEexOpvzvmcalzS8MJeQ2_lhXtOCdyu7C9cj5c4YHPPTZ6aKaAfXHsmjJmlPAKw7OVKRyPV2ril4eYgC6UgKX_fpR9QNkgLHVuGV0313E2h8fvhFAWf8txxw7bWPxGAhrIULJPo.znwCQe9ekggQ58Q9LbrzipTX9LL0rFcxkpOzr1Ob2DA&dib_tag=se&keywords=smart+phones&qid=1773974443&sprefix=smart+phone%2Caps%2C397&sr=8-18
	M.R.P:	https://www.amazon.in/iQOO-Prismatic-Dimensity-7400-Turbo-Smartphone/dp/B0GP8XYL7H/ref=sr_1_19?crid=1T9UVX5LBL3DZ&dib=eyJ2IjoiMSJ9.a3v4xrKF-RdvbkPHmKrMLU-Oaqabw3M0na681nPvHar9Rc-i7Tzx8i5EP-W81yreKFhv8fbeC0d7um_22nNit1ayZjsHIf1Lmdq0AEexOpvzvmcalzS8MJeQ2_lhXtOCdyu7C9cj5c4YHPPTZ6aKaAfXHsmjJmlPAKw7OVKRyPV2ril4eYgC6UgKX_fpR9QNkgLHVuGV0313E2h8fvhFAWf8txxw7bWPxGAhrIULJPo.znwCQe9ekggQ58Q9LbrzipTX9LL0rFcxkpOzr1Ob2DA&dib_tag=se&keywords=smart+phones&qid=1773974443&sprefix=smart+phone%2Caps%2C397&sr=8-19	https://m.media-amazon.com/images/I/61HBOs7MdQL._AC_UY218_.jpg					https://www.amazon.in/iQOO-Prismatic-Dimensity-7400-Turbo-Smartphone/dp/B0GP8XYL7H/ref=sr_1_19?crid=1T9UVX5LBL3DZ&dib=eyJ2IjoiMSJ9.a3v4xrKF-RdvbkPHmKrMLU-Oaqabw3M0na681nPvHar9Rc-i7Tzx8i5EP-W81yreKFhv8fbeC0d7um_22nNit1ayZjsHIf1Lmdq0AEexOpvzvmcalzS8MJeQ2_lhXtOCdyu7C9cj5c4YHPPTZ6aKaAfXHsmjJmlPAKw7OVKRyPV2ril4eYgC6UgKX_fpR9QNkgLHVuGV0313E2h8fvhFAWf8txxw7bWPxGAhrIULJPo.znwCQe9ekggQ58Q9LbrzipTX9LL0rFcxkpOzr1Ob2DA&dib_tag=se&keywords=smart+phones&qid=1773974443&sprefix=smart+phone%2Caps%2C397&sr=8-19		https://www.amazon.in/deals	iQOO Z11x 5G (Prismatic Green, 8GB RAM, 128 GB Storage) | Dimensity 7400-Turbo Processor | 7200 mAh Battery Smartphone | Powered by OriginOS 6			https://www.amazon.in/iQOO-Prismatic-Dimensity-7400-Turbo-Smartphone/dp/B0GP8XYL7H/ref=sr_1_19?crid=1T9UVX5LBL3DZ&dib=eyJ2IjoiMSJ9.a3v4xrKF-RdvbkPHmKrMLU-Oaqabw3M0na681nPvHar9Rc-i7Tzx8i5EP-W81yreKFhv8fbeC0d7um_22nNit1ayZjsHIf1Lmdq0AEexOpvzvmcalzS8MJeQ2_lhXtOCdyu7C9cj5c4YHPPTZ6aKaAfXHsmjJmlPAKw7OVKRyPV2ril4eYgC6UgKX_fpR9QNkgLHVuGV0313E2h8fvhFAWf8txxw7bWPxGAhrIULJPo.znwCQe9ekggQ58Q9LbrzipTX9LL0rFcxkpOzr1Ob2DA&dib_tag=se&keywords=smart+phones&qid=1773974443&sprefix=smart+phone%2Caps%2C397&sr=8-19			Price, product page		₹20,998	₹	20,998	M.R.P: ₹28,999		₹28,999	(28% off)	10% Off on select cards	10% Off on select cards	FREE delivery	Mon, 23 Mar					Add to cart			
	4.2	https://www.amazon.in/Samsung-Sapphire-Storage-Upgrades-Lag-Free/dp/B0FN7WCV5Y/ref=sr_1_20?crid=1T9UVX5LBL3DZ&dib=eyJ2IjoiMSJ9.a3v4xrKF-RdvbkPHmKrMLU-Oaqabw3M0na681nPvHar9Rc-i7Tzx8i5EP-W81yreKFhv8fbeC0d7um_22nNit1ayZjsHIf1Lmdq0AEexOpvzvmcalzS8MJeQ2_lhXtOCdyu7C9cj5c4YHPPTZ6aKaAfXHsmjJmlPAKw7OVKRyPV2ril4eYgC6UgKX_fpR9QNkgLHVuGV0313E2h8fvhFAWf8txxw7bWPxGAhrIULJPo.znwCQe9ekggQ58Q9LbrzipTX9LL0rFcxkpOzr1Ob2DA&dib_tag=se&keywords=smart+phones&qid=1773974443&sprefix=smart+phone%2Caps%2C397&sr=8-20	https://m.media-amazon.com/images/I/71t5CaisTqL._AC_UY218_.jpg					https://www.amazon.in/Samsung-Sapphire-Storage-Upgrades-Lag-Free/dp/B0FN7WCV5Y/ref=sr_1_20?crid=1T9UVX5LBL3DZ&dib=eyJ2IjoiMSJ9.a3v4xrKF-RdvbkPHmKrMLU-Oaqabw3M0na681nPvHar9Rc-i7Tzx8i5EP-W81yreKFhv8fbeC0d7um_22nNit1ayZjsHIf1Lmdq0AEexOpvzvmcalzS8MJeQ2_lhXtOCdyu7C9cj5c4YHPPTZ6aKaAfXHsmjJmlPAKw7OVKRyPV2ril4eYgC6UgKX_fpR9QNkgLHVuGV0313E2h8fvhFAWf8txxw7bWPxGAhrIULJPo.znwCQe9ekggQ58Q9LbrzipTX9LL0rFcxkpOzr1Ob2DA&dib_tag=se&keywords=smart+phones&qid=1773974443&sprefix=smart+phone%2Caps%2C397&sr=8-20		https://www.amazon.in/Samsung-Sapphire-Storage-Upgrades-Lag-Free/dp/B0FN7WCV5Y/ref=sr_1_20?crid=1T9UVX5LBL3DZ&dib=eyJ2IjoiMSJ9.a3v4xrKF-RdvbkPHmKrMLU-Oaqabw3M0na681nPvHar9Rc-i7Tzx8i5EP-W81yreKFhv8fbeC0d7um_22nNit1ayZjsHIf1Lmdq0AEexOpvzvmcalzS8MJeQ2_lhXtOCdyu7C9cj5c4YHPPTZ6aKaAfXHsmjJmlPAKw7OVKRyPV2ril4eYgC6UgKX_fpR9QNkgLHVuGV0313E2h8fvhFAWf8txxw7bWPxGAhrIULJPo.znwCQe9ekggQ58Q9LbrzipTX9LL0rFcxkpOzr1Ob2DA&dib_tag=se&keywords=smart+phones&qid=1773974443&sprefix=smart+phone%2Caps%2C397&sr=8-20#customerReviews	Samsung Galaxy M17 5G Mobile (Sapphire Black, 6GB RAM, 128GB Storage) | 50MP OIS Triple Camera | Gorilla Glass Victus | IP54 | 6 Gen OS Upgrades | AI | Gemini Live | Lag-Free Gaming | Without Charger	javascript:void(0)	4.2 out of 5 stars	https://www.amazon.in/Samsung-Sapphire-Storage-Upgrades-Lag-Free/dp/B0FN7WCV5Y/ref=sr_1_20?crid=1T9UVX5LBL3DZ&dib=eyJ2IjoiMSJ9.a3v4xrKF-RdvbkPHmKrMLU-Oaqabw3M0na681nPvHar9Rc-i7Tzx8i5EP-W81yreKFhv8fbeC0d7um_22nNit1ayZjsHIf1Lmdq0AEexOpvzvmcalzS8MJeQ2_lhXtOCdyu7C9cj5c4YHPPTZ6aKaAfXHsmjJmlPAKw7OVKRyPV2ril4eYgC6UgKX_fpR9QNkgLHVuGV0313E2h8fvhFAWf8txxw7bWPxGAhrIULJPo.znwCQe9ekggQ58Q9LbrzipTX9LL0rFcxkpOzr1Ob2DA&dib_tag=se&keywords=smart+phones&qid=1773974443&sprefix=smart+phone%2Caps%2C397&sr=8-20	(1.4K)	3K+ bought in past month	Price, product page	https://www.amazon.in/Samsung-Sapphire-Storage-Upgrades-Lag-Free/dp/B0FN7WCV5Y/ref=cs_sr_dp_loc_1?crid=1T9UVX5LBL3DZ&dib=eyJ2IjoiMSJ9.a3v4xrKF-RdvbkPHmKrMLU-Oaqabw3M0na681nPvHar9Rc-i7Tzx8i5EP-W81yreKFhv8fbeC0d7um_22nNit1ayZjsHIf1Lmdq0AEexOpvzvmcalzS8MJeQ2_lhXtOCdyu7C9cj5c4YHPPTZ6aKaAfXHsmjJmlPAKw7OVKRyPV2ril4eYgC6UgKX_fpR9QNkgLHVuGV0313E2h8fvhFAWf8txxw7bWPxGAhrIULJPo.znwCQe9ekggQ58Q9LbrzipTX9LL0rFcxkpOzr1Ob2DA&dib_tag=se&keywords=smart+phones&qid=1773974443&sprefix=smart+phone%2Caps%2C397&sr=8-20	₹15,999	₹	15,999	M.R.P: ₹19,499	M.R.P:	₹19,499	(18% off)	Up to 5% back with Amazon Pay ICICI card	Up to 5% back with Amazon Pay ICIC...	FREE delivery	Mon, 23 Mar	Or  get FREE delivery	.prime-brand-color {color: #0064f9; }	Prime members	Today 12 pm - 4 pm	Add to cart	https://www.amazon.in/Samsung-Sapphire-Storage-Upgrades-Lag-Free/dp/B0FN7W26Q8/ref=cs_sr_dp_loc_2?crid=1T9UVX5LBL3DZ&dib=eyJ2IjoiMSJ9.a3v4xrKF-RdvbkPHmKrMLU-Oaqabw3M0na681nPvHar9Rc-i7Tzx8i5EP-W81yreKFhv8fbeC0d7um_22nNit1ayZjsHIf1Lmdq0AEexOpvzvmcalzS8MJeQ2_lhXtOCdyu7C9cj5c4YHPPTZ6aKaAfXHsmjJmlPAKw7OVKRyPV2ril4eYgC6UgKX_fpR9QNkgLHVuGV0313E2h8fvhFAWf8txxw7bWPxGAhrIULJPo.znwCQe9ekggQ58Q9LbrzipTX9LL0rFcxkpOzr1Ob2DA&dib_tag=se&keywords=smart+phones&qid=1773974443&sprefix=smart+phone%2Caps%2C397&sr=8-20		
	4.1	https://www.amazon.in/sspa/click?ie=UTF8&spc=MToxODk2MTkyMDYxOTc1NDg2OjE3NzM5NzQ0NDM6c3BfYnRmOjMwMDkxNTExNTY1NjUzMjo6MDo6&url=%2F200MasterPixel-Snapdragon-CrystalRes-6500mAh-HyperCharge%2Fdp%2FB0GF25NBWT%2Fref%3Dsr_1_21_sspa%3Fcrid%3D1T9UVX5LBL3DZ%26dib%3DeyJ2IjoiMSJ9.a3v4xrKF-RdvbkPHmKrMLU-Oaqabw3M0na681nPvHar9Rc-i7Tzx8i5EP-W81yreKFhv8fbeC0d7um_22nNit1ayZjsHIf1Lmdq0AEexOpvzvmcalzS8MJeQ2_lhXtOCdyu7C9cj5c4YHPPTZ6aKaAfXHsmjJmlPAKw7OVKRyPV2ril4eYgC6UgKX_fpR9QNkgLHVuGV0313E2h8fvhFAWf8txxw7bWPxGAhrIULJPo.znwCQe9ekggQ58Q9LbrzipTX9LL0rFcxkpOzr1Ob2DA%26dib_tag%3Dse%26keywords%3Dsmart%2Bphones%26qid%3D1773974443%26sprefix%3Dsmart%2Bphone%252Caps%252C397%26sr%3D8-21-spons%26aref%3DWP6zQKrb37%26sp_csd%3Dd2lkZ2V0TmFtZT1zcF9idGY%26psc%3D1&aref=WP6zQKrb37&sp_cr=ZAZ	https://m.media-amazon.com/images/I/81pHku2Z4KL._AC_UY218_.jpg	javascript:void(0)	Sponsored	Sponsored	You are seeing this ad based on the product’s relevance to your search query.	https://www.amazon.in/s?k=smart+phones&crid=1T9UVX5LBL3DZ&sprefix=smart+phone%2Caps%2C397&ref=nb_sb_noss_2#	Let us know	https://www.amazon.in/sspa/click?ie=UTF8&spc=MToxODk2MTkyMDYxOTc1NDg2OjE3NzM5NzQ0NDM6c3BfYnRmOjMwMDkxNTExNTY1NjUzMjo6MDo6&url=%2F200MasterPixel-Snapdragon-CrystalRes-6500mAh-HyperCharge%2Fdp%2FB0GF25NBWT%2Fref%3Dsr_1_21_sspa%3Fcrid%3D1T9UVX5LBL3DZ%26dib%3DeyJ2IjoiMSJ9.a3v4xrKF-RdvbkPHmKrMLU-Oaqabw3M0na681nPvHar9Rc-i7Tzx8i5EP-W81yreKFhv8fbeC0d7um_22nNit1ayZjsHIf1Lmdq0AEexOpvzvmcalzS8MJeQ2_lhXtOCdyu7C9cj5c4YHPPTZ6aKaAfXHsmjJmlPAKw7OVKRyPV2ril4eYgC6UgKX_fpR9QNkgLHVuGV0313E2h8fvhFAWf8txxw7bWPxGAhrIULJPo.znwCQe9ekggQ58Q9LbrzipTX9LL0rFcxkpOzr1Ob2DA%26dib_tag%3Dse%26keywords%3Dsmart%2Bphones%26qid%3D1773974443%26sprefix%3Dsmart%2Bphone%252Caps%252C397%26sr%3D8-21-spons%26aref%3DWP6zQKrb37%26sp_csd%3Dd2lkZ2V0TmFtZT1zcF9idGY%26psc%3D1&aref=WP6zQKrb37&sp_cr=ZAZ	REDMI Note 15 Pro+ 5G (Coffee Mocha, 12GB + 256GB) | 200MasterPixel OIS Camera | Snapdragon 7s Gen 4 | CrystalRes AMOLED | IP69/69K | 6500mAh Si/C Battery | 100W HyperCharge	javascript:void(0)	4.1 out of 5 stars	https://www.amazon.in/sspa/click?ie=UTF8&spc=MToxODk2MTkyMDYxOTc1NDg2OjE3NzM5NzQ0NDM6c3BfYnRmOjMwMDkxNTExNTY1NjUzMjo6MDo6&url=%2F200MasterPixel-Snapdragon-CrystalRes-6500mAh-HyperCharge%2Fdp%2FB0GF25NBWT%2Fref%3Dsr_1_21_sspa%3Fcrid%3D1T9UVX5LBL3DZ%26dib%3DeyJ2IjoiMSJ9.a3v4xrKF-RdvbkPHmKrMLU-Oaqabw3M0na681nPvHar9Rc-i7Tzx8i5EP-W81yreKFhv8fbeC0d7um_22nNit1ayZjsHIf1Lmdq0AEexOpvzvmcalzS8MJeQ2_lhXtOCdyu7C9cj5c4YHPPTZ6aKaAfXHsmjJmlPAKw7OVKRyPV2ril4eYgC6UgKX_fpR9QNkgLHVuGV0313E2h8fvhFAWf8txxw7bWPxGAhrIULJPo.znwCQe9ekggQ58Q9LbrzipTX9LL0rFcxkpOzr1Ob2DA%26dib_tag%3Dse%26keywords%3Dsmart%2Bphones%26qid%3D1773974443%26sprefix%3Dsmart%2Bphone%252Caps%252C397%26sr%3D8-21-spons%26aref%3DWP6zQKrb37%26sp_csd%3Dd2lkZ2V0TmFtZT1zcF9idGY%26psc%3D1&aref=WP6zQKrb37&sp_cr=ZAZ#customerReviews	(140)	100+ bought in past month	Price, product page	https://www.amazon.in/sspa/click?ie=UTF8&spc=MToxODk2MTkyMDYxOTc1NDg2OjE3NzM5NzQ0NDM6c3BfYnRmOjMwMDkxNTExNTY1NjUzMjo6MDo6&url=%2F200MasterPixel-Snapdragon-CrystalRes-6500mAh-HyperCharge%2Fdp%2FB0GF25NBWT%2Fref%3Dsr_1_21_sspa%3Fcrid%3D1T9UVX5LBL3DZ%26dib%3DeyJ2IjoiMSJ9.a3v4xrKF-RdvbkPHmKrMLU-Oaqabw3M0na681nPvHar9Rc-i7Tzx8i5EP-W81yreKFhv8fbeC0d7um_22nNit1ayZjsHIf1Lmdq0AEexOpvzvmcalzS8MJeQ2_lhXtOCdyu7C9cj5c4YHPPTZ6aKaAfXHsmjJmlPAKw7OVKRyPV2ril4eYgC6UgKX_fpR9QNkgLHVuGV0313E2h8fvhFAWf8txxw7bWPxGAhrIULJPo.znwCQe9ekggQ58Q9LbrzipTX9LL0rFcxkpOzr1Ob2DA%26dib_tag%3Dse%26keywords%3Dsmart%2Bphones%26qid%3D1773974443%26sprefix%3Dsmart%2Bphone%252Caps%252C397%26sr%3D8-21-spons%26aref%3DWP6zQKrb37%26sp_csd%3Dd2lkZ2V0TmFtZT1zcF9idGY%26psc%3D1&aref=WP6zQKrb37&sp_cr=ZAZ	₹39,999	₹	39,999	M.R.P: ₹41,999	M.R.P:	₹41,999	(5% off)	Save extra with No Cost EMI	Save extra with No Cost EMI	FREE delivery	Mon, 23 Mar	Or  get FREE delivery	.prime-brand-color {color: #0064f9; }	Prime members	Today 12 pm - 4 pm	Add to cart	https://www.amazon.in/sspa/click?ie=UTF8&spc=MToxODk2MTkyMDYxOTc1NDg2OjE3NzM5NzQ0NDM6c3BfYnRmOjMwMDkxNTExNTY1NjUzMjo6MDo6&url=%2F200MasterPixel-Snapdragon-CrystalRes-6500mAh-HyperCharge%2Fdp%2FB0GF25NBWT%2Fref%3Dsr_1_21_sspa%3Fcrid%3D1T9UVX5LBL3DZ%26dib%3DeyJ2IjoiMSJ9.a3v4xrKF-RdvbkPHmKrMLU-Oaqabw3M0na681nPvHar9Rc-i7Tzx8i5EP-W81yreKFhv8fbeC0d7um_22nNit1ayZjsHIf1Lmdq0AEexOpvzvmcalzS8MJeQ2_lhXtOCdyu7C9cj5c4YHPPTZ6aKaAfXHsmjJmlPAKw7OVKRyPV2ril4eYgC6UgKX_fpR9QNkgLHVuGV0313E2h8fvhFAWf8txxw7bWPxGAhrIULJPo.znwCQe9ekggQ58Q9LbrzipTX9LL0rFcxkpOzr1Ob2DA%26dib_tag%3Dse%26keywords%3Dsmart%2Bphones%26qid%3D1773974443%26sprefix%3Dsmart%2Bphone%252Caps%252C397%26sr%3D8-21-spons%26aref%3DWP6zQKrb37%26sp_csd%3Dd2lkZ2V0TmFtZT1zcF9idGY%26psc%3D1&aref=WP6zQKrb37&sp_cr=ZAZ		
	4.4	https://www.amazon.in/sspa/click?ie=UTF8&spc=MToxODk2MTkyMDYxOTc1NDg2OjE3NzM5NzQ0NDM6c3BfYnRmOjMwMDk5MTM4NDYxNTAzMjo6MDo6&url=%2FMotorola-G96-PANTONE-Greener-Pastures%2Fdp%2FB0FHGD4VNY%2Fref%3Dsr_1_22_sspa%3Fcrid%3D1T9UVX5LBL3DZ%26dib%3DeyJ2IjoiMSJ9.a3v4xrKF-RdvbkPHmKrMLU-Oaqabw3M0na681nPvHar9Rc-i7Tzx8i5EP-W81yreKFhv8fbeC0d7um_22nNit1ayZjsHIf1Lmdq0AEexOpvzvmcalzS8MJeQ2_lhXtOCdyu7C9cj5c4YHPPTZ6aKaAfXHsmjJmlPAKw7OVKRyPV2ril4eYgC6UgKX_fpR9QNkgLHVuGV0313E2h8fvhFAWf8txxw7bWPxGAhrIULJPo.znwCQe9ekggQ58Q9LbrzipTX9LL0rFcxkpOzr1Ob2DA%26dib_tag%3Dse%26keywords%3Dsmart%2Bphones%26qid%3D1773974443%26sprefix%3Dsmart%2Bphone%252Caps%252C397%26sr%3D8-22-spons%26aref%3D7KMbiOH3Ur%26sp_csd%3Dd2lkZ2V0TmFtZT1zcF9idGY%26psc%3D1&aref=7KMbiOH3Ur&sp_cr=ZAZ	https://m.media-amazon.com/images/I/51h0rsXmIXL._AC_UY218_.jpg	javascript:void(0)	Sponsored	Sponsored	You are seeing this ad based on the product’s relevance to your search query.	https://www.amazon.in/s?k=smart+phones&crid=1T9UVX5LBL3DZ&sprefix=smart+phone%2Caps%2C397&ref=nb_sb_noss_2#	Let us know	https://www.amazon.in/sspa/click?ie=UTF8&spc=MToxODk2MTkyMDYxOTc1NDg2OjE3NzM5NzQ0NDM6c3BfYnRmOjMwMDk5MTM4NDYxNTAzMjo6MDo6&url=%2FMotorola-G96-PANTONE-Greener-Pastures%2Fdp%2FB0FHGD4VNY%2Fref%3Dsr_1_22_sspa%3Fcrid%3D1T9UVX5LBL3DZ%26dib%3DeyJ2IjoiMSJ9.a3v4xrKF-RdvbkPHmKrMLU-Oaqabw3M0na681nPvHar9Rc-i7Tzx8i5EP-W81yreKFhv8fbeC0d7um_22nNit1ayZjsHIf1Lmdq0AEexOpvzvmcalzS8MJeQ2_lhXtOCdyu7C9cj5c4YHPPTZ6aKaAfXHsmjJmlPAKw7OVKRyPV2ril4eYgC6UgKX_fpR9QNkgLHVuGV0313E2h8fvhFAWf8txxw7bWPxGAhrIULJPo.znwCQe9ekggQ58Q9LbrzipTX9LL0rFcxkpOzr1Ob2DA%26dib_tag%3Dse%26keywords%3Dsmart%2Bphones%26qid%3D1773974443%26sprefix%3Dsmart%2Bphone%252Caps%252C397%26sr%3D8-22-spons%26aref%3D7KMbiOH3Ur%26sp_csd%3Dd2lkZ2V0TmFtZT1zcF9idGY%26psc%3D1&aref=7KMbiOH3Ur&sp_cr=ZAZ	Motorola G96 144Hz 3D Curved pOLED (PANTONE Greener Pastures, 8GB RAM, 128GB Storage)	javascript:void(0)	4.4 out of 5 stars	https://www.amazon.in/sspa/click?ie=UTF8&spc=MToxODk2MTkyMDYxOTc1NDg2OjE3NzM5NzQ0NDM6c3BfYnRmOjMwMDk5MTM4NDYxNTAzMjo6MDo6&url=%2FMotorola-G96-PANTONE-Greener-Pastures%2Fdp%2FB0FHGD4VNY%2Fref%3Dsr_1_22_sspa%3Fcrid%3D1T9UVX5LBL3DZ%26dib%3DeyJ2IjoiMSJ9.a3v4xrKF-RdvbkPHmKrMLU-Oaqabw3M0na681nPvHar9Rc-i7Tzx8i5EP-W81yreKFhv8fbeC0d7um_22nNit1ayZjsHIf1Lmdq0AEexOpvzvmcalzS8MJeQ2_lhXtOCdyu7C9cj5c4YHPPTZ6aKaAfXHsmjJmlPAKw7OVKRyPV2ril4eYgC6UgKX_fpR9QNkgLHVuGV0313E2h8fvhFAWf8txxw7bWPxGAhrIULJPo.znwCQe9ekggQ58Q9LbrzipTX9LL0rFcxkpOzr1Ob2DA%26dib_tag%3Dse%26keywords%3Dsmart%2Bphones%26qid%3D1773974443%26sprefix%3Dsmart%2Bphone%252Caps%252C397%26sr%3D8-22-spons%26aref%3D7KMbiOH3Ur%26sp_csd%3Dd2lkZ2V0TmFtZT1zcF9idGY%26psc%3D1&aref=7KMbiOH3Ur&sp_cr=ZAZ#customerReviews	(243)	500+ bought in past month	Price, product page	https://www.amazon.in/sspa/click?ie=UTF8&spc=MToxODk2MTkyMDYxOTc1NDg2OjE3NzM5NzQ0NDM6c3BfYnRmOjMwMDk5MTM4NDYxNTAzMjo6MDo6&url=%2FMotorola-G96-PANTONE-Greener-Pastures%2Fdp%2FB0FHGD4VNY%2Fref%3Dsr_1_22_sspa%3Fcrid%3D1T9UVX5LBL3DZ%26dib%3DeyJ2IjoiMSJ9.a3v4xrKF-RdvbkPHmKrMLU-Oaqabw3M0na681nPvHar9Rc-i7Tzx8i5EP-W81yreKFhv8fbeC0d7um_22nNit1ayZjsHIf1Lmdq0AEexOpvzvmcalzS8MJeQ2_lhXtOCdyu7C9cj5c4YHPPTZ6aKaAfXHsmjJmlPAKw7OVKRyPV2ril4eYgC6UgKX_fpR9QNkgLHVuGV0313E2h8fvhFAWf8txxw7bWPxGAhrIULJPo.znwCQe9ekggQ58Q9LbrzipTX9LL0rFcxkpOzr1Ob2DA%26dib_tag%3Dse%26keywords%3Dsmart%2Bphones%26qid%3D1773974443%26sprefix%3Dsmart%2Bphone%252Caps%252C397%26sr%3D8-22-spons%26aref%3D7KMbiOH3Ur%26sp_csd%3Dd2lkZ2V0TmFtZT1zcF9idGY%26psc%3D1&aref=7KMbiOH3Ur&sp_cr=ZAZ	₹17,879	₹	17,879	M.R.P: ₹20,999	M.R.P:	₹20,999	(15% off)	Up to 5% back with Amazon Pay ICICI card	Up to 5% back with Amazon Pay ICICI card	FREE delivery	Mon, 23 Mar					Add to cart			
